# https://github.com/mikedh/trimesh
v 0.00000000 0.00000000 0.00000000
v 1.20000000 0.00000000 0.00000000
v 1.20000000 0.00000000 0.30000000
v 0.00000000 0.00000000 0.30000000
v 1.17694234 0.23410839 0.00000000
v 1.17694234 0.23410839 0.30000000
v 1.10865544 0.45922012 0.00000000
v 1.10865544 0.45922012 0.30000000
v 0.99776353 0.66668428 0.00000000
v 0.99776353 0.66668428 0.30000000
v 0.84852814 0.84852814 0.00000000
v 0.84852814 0.84852814 0.30000000
v 0.66668428 0.99776353 0.00000000
v 0.66668428 0.99776353 0.30000000
v 0.45922012 1.10865544 0.00000000
v 0.45922012 1.10865544 0.30000000
v 0.23410839 1.17694234 0.00000000
v 0.23410839 1.17694234 0.30000000
v 0.00000000 1.20000000 0.00000000
v 0.00000000 1.20000000 0.30000000
v -0.23410839 1.17694234 0.00000000
v -0.23410839 1.17694234 0.30000000
v -0.45922012 1.10865544 0.00000000
v -0.45922012 1.10865544 0.30000000
v -0.66668428 0.99776353 0.00000000
v -0.66668428 0.99776353 0.30000000
v -0.84852814 0.84852814 0.00000000
v -0.84852814 0.84852814 0.30000000
v -0.99776353 0.66668428 0.00000000
v -0.99776353 0.66668428 0.30000000
v -1.10865544 0.45922012 0.00000000
v -1.10865544 0.45922012 0.30000000
v -1.17694234 0.23410839 0.00000000
v -1.17694234 0.23410839 0.30000000
v -1.20000000 0.00000000 0.00000000
v -1.20000000 0.00000000 0.30000000
v -1.17694234 -0.23410839 0.00000000
v -1.17694234 -0.23410839 0.30000000
v -1.10865544 -0.45922012 0.00000000
v -1.10865544 -0.45922012 0.30000000
v -0.99776353 -0.66668428 0.00000000
v -0.99776353 -0.66668428 0.30000000
v -0.84852814 -0.84852814 0.00000000
v -0.84852814 -0.84852814 0.30000000
v -0.66668428 -0.99776353 0.00000000
v -0.66668428 -0.99776353 0.30000000
v -0.45922012 -1.10865544 0.00000000
v -0.45922012 -1.10865544 0.30000000
v -0.23410839 -1.17694234 0.00000000
v -0.23410839 -1.17694234 0.30000000
v -0.00000000 -1.20000000 0.00000000
v -0.00000000 -1.20000000 0.30000000
v 0.23410839 -1.17694234 0.00000000
v 0.23410839 -1.17694234 0.30000000
v 0.45922012 -1.10865544 0.00000000
v 0.45922012 -1.10865544 0.30000000
v 0.66668428 -0.99776353 0.00000000
v 0.66668428 -0.99776353 0.30000000
v 0.84852814 -0.84852814 0.00000000
v 0.84852814 -0.84852814 0.30000000
v 0.99776353 -0.66668428 0.00000000
v 0.99776353 -0.66668428 0.30000000
v 1.10865544 -0.45922012 0.00000000
v 1.10865544 -0.45922012 0.30000000
v 1.17694234 -0.23410839 0.00000000
v 1.17694234 -0.23410839 0.30000000
v -0.50000000 0.00000000 0.30000000
v -0.22000000 0.00000000 0.30000000
v -0.22000000 0.00000000 1.40000000
v -0.50000000 0.00000000 1.40000000
v -0.24131373 0.10715136 0.30000000
v -0.24131373 0.10715136 1.40000000
v -0.30201010 0.19798990 0.30000000
v -0.30201010 0.19798990 1.40000000
v -0.39284864 0.25868627 0.30000000
v -0.39284864 0.25868627 1.40000000
v -0.50000000 0.28000000 0.30000000
v -0.50000000 0.28000000 1.40000000
v -0.60715136 0.25868627 0.30000000
v -0.60715136 0.25868627 1.40000000
v -0.69798990 0.19798990 0.30000000
v -0.69798990 0.19798990 1.40000000
v -0.75868627 0.10715136 0.30000000
v -0.75868627 0.10715136 1.40000000
v -0.78000000 0.00000000 0.30000000
v -0.78000000 0.00000000 1.40000000
v -0.75868627 -0.10715136 0.30000000
v -0.75868627 -0.10715136 1.40000000
v -0.69798990 -0.19798990 0.30000000
v -0.69798990 -0.19798990 1.40000000
v -0.60715136 -0.25868627 0.30000000
v -0.60715136 -0.25868627 1.40000000
v -0.50000000 -0.28000000 0.30000000
v -0.50000000 -0.28000000 1.40000000
v -0.39284864 -0.25868627 0.30000000
v -0.39284864 -0.25868627 1.40000000
v -0.30201010 -0.19798990 0.30000000
v -0.30201010 -0.19798990 1.40000000
v -0.24131373 -0.10715136 0.30000000
v -0.24131373 -0.10715136 1.40000000
v 0.50000000 0.00000000 0.30000000
v 0.78000000 0.00000000 0.30000000
v 0.78000000 0.00000000 1.40000000
v 0.50000000 0.00000000 1.40000000
v 0.75868627 0.10715136 0.30000000
v 0.75868627 0.10715136 1.40000000
v 0.69798990 0.19798990 0.30000000
v 0.69798990 0.19798990 1.40000000
v 0.60715136 0.25868627 0.30000000
v 0.60715136 0.25868627 1.40000000
v 0.50000000 0.28000000 0.30000000
v 0.50000000 0.28000000 1.40000000
v 0.39284864 0.25868627 0.30000000
v 0.39284864 0.25868627 1.40000000
v 0.30201010 0.19798990 0.30000000
v 0.30201010 0.19798990 1.40000000
v 0.24131373 0.10715136 0.30000000
v 0.24131373 0.10715136 1.40000000
v 0.22000000 0.00000000 0.30000000
v 0.22000000 0.00000000 1.40000000
v 0.24131373 -0.10715136 0.30000000
v 0.24131373 -0.10715136 1.40000000
v 0.30201010 -0.19798990 0.30000000
v 0.30201010 -0.19798990 1.40000000
v 0.39284864 -0.25868627 0.30000000
v 0.39284864 -0.25868627 1.40000000
v 0.50000000 -0.28000000 0.30000000
v 0.50000000 -0.28000000 1.40000000
v 0.60715136 -0.25868627 0.30000000
v 0.60715136 -0.25868627 1.40000000
v 0.69798990 -0.19798990 0.30000000
v 0.69798990 -0.19798990 1.40000000
v 0.75868627 -0.10715136 0.30000000
v 0.75868627 -0.10715136 1.40000000
v -0.47315800 0.97824843 2.10000000
v 0.47315800 0.97824843 2.10000000
v -0.47315800 -0.97824843 2.10000000
v 0.47315800 -0.97824843 2.10000000
v 0.00000000 -0.60459078 2.90811827
v 0.00000000 0.60459078 2.90811827
v 0.00000000 -0.60459078 1.29188173
v 0.00000000 0.60459078 1.29188173
v 0.76558573 0.00000000 1.60055544
v 0.76558573 0.00000000 2.59944456
v -0.76558573 0.00000000 1.60055544
v -0.76558573 0.00000000 2.59944456
v 0.00000000 1.15000000 2.10000000
v 0.00000000 -1.15000000 2.10000000
v -0.27811529 -0.93036954 2.57500000
v 0.27811529 -0.93036954 2.57500000
v -0.27811529 0.93036954 2.57500000
v 0.27811529 0.93036954 2.57500000
v 0.00000000 0.00000000 3.05000000
v -0.27811529 -0.93036954 1.62500000
v 0.27811529 -0.93036954 1.62500000
v -0.27811529 0.93036954 1.62500000
v 0.27811529 0.93036954 1.62500000
v 0.00000000 0.00000000 1.15000000
v 0.72811529 0.57500000 1.80643386
v 0.72811529 -0.57500000 1.80643386
v 0.45000000 -0.35536954 1.33143386
v 0.45000000 0.35536954 1.33143386
v 0.72811529 0.57500000 2.39356614
v 0.72811529 -0.57500000 2.39356614
v 0.45000000 -0.35536954 2.86856614
v 0.45000000 0.35536954 2.86856614
v 0.90000000 0.00000000 2.10000000
v -0.72811529 0.57500000 1.80643386
v -0.72811529 -0.57500000 1.80643386
v -0.45000000 -0.35536954 1.33143386
v -0.45000000 0.35536954 1.33143386
v -0.72811529 0.57500000 2.39356614
v -0.72811529 -0.57500000 2.39356614
v -0.45000000 -0.35536954 2.86856614
v -0.45000000 0.35536954 2.86856614
v -0.90000000 0.00000000 2.10000000
v -0.24593988 1.10622911 2.10000000
v 0.24593988 1.10622911 2.10000000
v -0.24593988 -1.10622911 2.10000000
v 0.24593988 -1.10622911 2.10000000
v -0.39049971 -0.99206875 2.34689732
v -0.14455983 -0.79784755 2.76694412
v -0.14621386 -1.09371499 2.34972228
v 0.39049971 -0.99206875 2.34689732
v 0.14455983 -0.79784755 2.76694412
v 0.14621386 -1.09371499 2.34972228
v 0.00000000 -0.97824843 2.59944456
v -0.39049971 0.99206875 2.34689732
v -0.14455983 0.79784755 2.76694412
v -0.14621386 1.09371499 2.34972228
v 0.39049971 0.99206875 2.34689732
v 0.14455983 0.79784755 2.76694412
v 0.14621386 1.09371499 2.34972228
v 0.00000000 0.97824843 2.59944456
v 0.00000000 -0.31425651 3.01384144
v 0.00000000 0.31425651 3.01384144
v -0.39049971 -0.99206875 1.85310268
v -0.14455983 -0.79784755 1.43305588
v -0.14621386 -1.09371499 1.85027772
v 0.39049971 -0.99206875 1.85310268
v 0.14455983 -0.79784755 1.43305588
v 0.14621386 -1.09371499 1.85027772
v 0.00000000 -0.97824843 1.60055544
v -0.39049971 0.99206875 1.85310268
v -0.14455983 0.79784755 1.43305588
v -0.14621386 1.09371499 1.85027772
v 0.39049971 0.99206875 1.85310268
v 0.14455983 0.79784755 1.43305588
v 0.14621386 1.09371499 1.85027772
v 0.00000000 0.97824843 1.60055544
v 0.00000000 -0.31425651 1.18615856
v 0.00000000 0.31425651 1.18615856
v 0.62440243 0.80735341 1.94740907
v 0.77640163 0.29887570 1.68780586
v 0.52900673 0.79141960 1.69594087
v 0.62440243 -0.80735341 1.94740907
v 0.77640163 -0.29887570 1.68780586
v 0.52900673 -0.79141960 1.69594087
v 0.23390272 -0.49897185 1.28046494
v 0.63184180 -0.18471534 1.44090855
v 0.38279286 -0.67595304 1.44621859
v 0.23657900 -0.18682883 1.19649631
v 0.61937186 -0.48912421 1.54160401
v 0.23390272 0.49897185 1.28046494
v 0.63184180 0.18471534 1.44090855
v 0.38279286 0.67595304 1.44621859
v 0.23657900 0.18682883 1.19649631
v 0.61937186 0.48912421 1.54160401
v 0.47315800 0.00000000 1.29188173
v 0.62440243 0.80735341 2.25259093
v 0.77640163 0.29887570 2.51219414
v 0.52900673 0.79141960 2.50405913
v 0.76558573 0.60459078 2.10000000
v 0.62440243 -0.80735341 2.25259093
v 0.77640163 -0.29887570 2.51219414
v 0.52900673 -0.79141960 2.50405913
v 0.76558573 -0.60459078 2.10000000
v 0.23390272 -0.49897185 2.91953506
v 0.63184180 -0.18471534 2.75909145
v 0.38279286 -0.67595304 2.75378141
v 0.23657900 -0.18682883 3.00350369
v 0.61937186 -0.48912421 2.65839599
v 0.23390272 0.49897185 2.91953506
v 0.63184180 0.18471534 2.75909145
v 0.38279286 0.67595304 2.75378141
v 0.23657900 0.18682883 3.00350369
v 0.61937186 0.48912421 2.65839599
v 0.47315800 0.00000000 2.90811827
v 0.86574452 0.00000000 1.84039680
v 0.86574452 0.00000000 2.35960320
v 0.85595086 0.30229539 1.94566314
v 0.85595086 -0.30229539 1.94566314
v 0.85595086 0.30229539 2.25433686
v 0.85595086 -0.30229539 2.25433686
v -0.62440243 0.80735341 1.94740907
v -0.77640163 0.29887570 1.68780586
v -0.52900673 0.79141960 1.69594087
v -0.62440243 -0.80735341 1.94740907
v -0.77640163 -0.29887570 1.68780586
v -0.52900673 -0.79141960 1.69594087
v -0.23390272 -0.49897185 1.28046494
v -0.63184180 -0.18471534 1.44090855
v -0.38279286 -0.67595304 1.44621859
v -0.23657900 -0.18682883 1.19649631
v -0.61937186 -0.48912421 1.54160401
v -0.23390272 0.49897185 1.28046494
v -0.63184180 0.18471534 1.44090855
v -0.38279286 0.67595304 1.44621859
v -0.23657900 0.18682883 1.19649631
v -0.61937186 0.48912421 1.54160401
v -0.47315800 0.00000000 1.29188173
v -0.62440243 0.80735341 2.25259093
v -0.77640163 0.29887570 2.51219414
v -0.52900673 0.79141960 2.50405913
v -0.76558573 0.60459078 2.10000000
v -0.62440243 -0.80735341 2.25259093
v -0.77640163 -0.29887570 2.51219414
v -0.52900673 -0.79141960 2.50405913
v -0.76558573 -0.60459078 2.10000000
v -0.23390272 -0.49897185 2.91953506
v -0.63184180 -0.18471534 2.75909145
v -0.38279286 -0.67595304 2.75378141
v -0.23657900 -0.18682883 3.00350369
v -0.61937186 -0.48912421 2.65839599
v -0.23390272 0.49897185 2.91953506
v -0.63184180 0.18471534 2.75909145
v -0.38279286 0.67595304 2.75378141
v -0.23657900 0.18682883 3.00350369
v -0.61937186 0.48912421 2.65839599
v -0.47315800 0.00000000 2.90811827
v -0.86574452 0.00000000 1.84039680
v -0.86574452 0.00000000 2.35960320
v -0.85595086 0.30229539 1.94566314
v -0.85595086 -0.30229539 1.94566314
v -0.85595086 0.30229539 2.25433686
v -0.85595086 -0.30229539 2.25433686
v -0.36301981 1.05229993 2.10000000
v -0.12415702 1.13900471 2.10000000
v 0.36301981 1.05229993 2.10000000
v 0.12415702 1.13900471 2.10000000
v -0.36301981 -1.05229993 2.10000000
v -0.12415702 -1.13900471 2.10000000
v 0.36301981 -1.05229993 2.10000000
v 0.12415702 -1.13900471 2.10000000
v -0.43599748 -0.99466874 2.22464036
v -0.33753471 -0.97049820 2.46443305
v -0.32240591 -1.06295029 2.22507260
v -0.07297766 -0.70798832 2.84465089
v -0.21337769 -0.87245015 2.67648389
v -0.07401822 -1.13584159 2.22641755
v -0.21480924 -1.02465750 2.46687802
v -0.19810532 -1.11135149 2.22615285
v -0.27113299 -1.05368080 2.35087861
v 0.43599748 -0.99466874 2.22464036
v 0.33753471 -0.97049820 2.46443305
v 0.32240591 -1.06295029 2.22507260
v 0.07297766 -0.70798832 2.84465089
v 0.21337769 -0.87245015 2.67648389
v 0.00000000 -0.80834309 2.77571765
v 0.07401822 -1.13584159 2.22641755
v 0.21480924 -1.02465750 2.46687802
v 0.19810532 -1.11135149 2.22615285
v 0.00000000 -1.10844045 2.35308447
v 0.27113299 -1.05368080 2.35087861
v -0.14079102 -0.96620457 2.59329557
v 0.14079102 -0.96620457 2.59329557
v -0.07302767 -0.89723503 2.68922760
v -0.07409122 -1.04992987 2.47962670
v 0.07302767 -0.89723503 2.68922760
v 0.07409122 -1.04992987 2.47962670
v -0.43599748 0.99466874 2.22464036
v -0.33753471 0.97049820 2.46443305
v -0.32240591 1.06295029 2.22507260
v -0.07297766 0.70798832 2.84465089
v -0.21337769 0.87245015 2.67648389
v -0.07401822 1.13584159 2.22641755
v -0.21480924 1.02465750 2.46687802
v -0.19810532 1.11135149 2.22615285
v -0.27113299 1.05368080 2.35087861
v 0.43599748 0.99466874 2.22464036
v 0.33753471 0.97049820 2.46443305
v 0.32240591 1.06295029 2.22507260
v 0.07297766 0.70798832 2.84465089
v 0.21337769 0.87245015 2.67648389
v 0.00000000 0.80834309 2.77571765
v 0.07401822 1.13584159 2.22641755
v 0.21480924 1.02465750 2.46687802
v 0.19810532 1.11135149 2.22615285
v 0.00000000 1.10844045 2.35308447
v 0.27113299 1.05368080 2.35087861
v -0.14079102 0.96620457 2.59329557
v 0.14079102 0.96620457 2.59329557
v -0.07302767 0.89723503 2.68922760
v -0.07409122 1.04992987 2.47962670
v 0.07302767 0.89723503 2.68922760
v 0.07409122 1.04992987 2.47962670
v 0.00000000 -0.46385865 2.96929125
v 0.00000000 -0.15864508 3.04091694
v 0.00000000 0.46385865 2.96929125
v 0.00000000 0.15864508 3.04091694
v -0.43599748 -0.99466874 1.97535964
v -0.33753471 -0.97049820 1.73556695
v -0.32240591 -1.06295029 1.97492740
v -0.07297766 -0.70798832 1.35534911
v -0.21337769 -0.87245015 1.52351611
v -0.07401822 -1.13584159 1.97358245
v -0.21480924 -1.02465750 1.73312198
v -0.19810532 -1.11135149 1.97384715
v -0.27113299 -1.05368080 1.84912139
v 0.43599748 -0.99466874 1.97535964
v 0.33753471 -0.97049820 1.73556695
v 0.32240591 -1.06295029 1.97492740
v 0.07297766 -0.70798832 1.35534911
v 0.21337769 -0.87245015 1.52351611
v 0.00000000 -0.80834309 1.42428235
v 0.07401822 -1.13584159 1.97358245
v 0.21480924 -1.02465750 1.73312198
v 0.19810532 -1.11135149 1.97384715
v 0.00000000 -1.10844045 1.84691553
v 0.27113299 -1.05368080 1.84912139
v -0.14079102 -0.96620457 1.60670443
v 0.14079102 -0.96620457 1.60670443
v -0.07302767 -0.89723503 1.51077240
v -0.07409122 -1.04992987 1.72037330
v 0.07302767 -0.89723503 1.51077240
v 0.07409122 -1.04992987 1.72037330
v -0.43599748 0.99466874 1.97535964
v -0.33753471 0.97049820 1.73556695
v -0.32240591 1.06295029 1.97492740
v -0.07297766 0.70798832 1.35534911
v -0.21337769 0.87245015 1.52351611
v -0.07401822 1.13584159 1.97358245
v -0.21480924 1.02465750 1.73312198
v -0.19810532 1.11135149 1.97384715
v -0.27113299 1.05368080 1.84912139
v 0.43599748 0.99466874 1.97535964
v 0.33753471 0.97049820 1.73556695
v 0.32240591 1.06295029 1.97492740
v 0.07297766 0.70798832 1.35534911
v 0.21337769 0.87245015 1.52351611
v 0.00000000 0.80834309 1.42428235
v 0.07401822 1.13584159 1.97358245
v 0.21480924 1.02465750 1.73312198
v 0.19810532 1.11135149 1.97384715
v 0.00000000 1.10844045 1.84691553
v 0.27113299 1.05368080 1.84912139
v -0.14079102 0.96620457 1.60670443
v 0.14079102 0.96620457 1.60670443
v -0.07302767 0.89723503 1.51077240
v -0.07409122 1.04992987 1.72037330
v 0.07302767 0.89723503 1.51077240
v 0.07409122 1.04992987 1.72037330
v 0.00000000 -0.46385865 1.23070875
v 0.00000000 -0.15864508 1.15908306
v 0.00000000 0.46385865 1.23070875
v 0.00000000 0.15864508 1.15908306
v 0.55407782 0.90141950 2.02296802
v 0.68278707 0.69784892 1.87476799
v 0.51412649 0.91154661 1.89762828
v 0.77843640 0.15088044 1.63978044
v 0.75952033 0.44115579 1.74371336
v 0.40859145 0.87162573 1.65499164
v 0.63639610 0.69172610 1.74683937
v 0.46450946 0.90096945 1.77115464
v 0.58267070 0.80765632 1.81879564
v 0.55407782 -0.90141950 2.02296802
v 0.68278707 -0.69784892 1.87476799
v 0.51412649 -0.91154661 1.89762828
v 0.77843640 -0.15088044 1.63978044
v 0.75952033 -0.44115579 1.74371336
v 0.40859145 -0.87162573 1.65499164
v 0.63639610 -0.69172610 1.74683937
v 0.46450946 -0.90096945 1.77115464
v 0.58267070 -0.80765632 1.81879564
v 0.11808034 -0.55710789 1.27831713
v 0.34525236 -0.43129435 1.29828410
v 0.19172058 -0.65693941 1.34698323
v 0.11848983 -0.41196311 1.22191063
v 0.70545874 -0.09324924 1.51514008
v 0.54614263 -0.27264927 1.37928031
v 0.71338431 -0.24497630 1.55731092
v 0.33457323 -0.81317280 1.52857409
v 0.42158687 -0.52208907 1.37996135
v 0.26640413 -0.74452368 1.43280565
v 0.46203790 -0.74356446 1.56395850
v 0.31153771 -0.59353986 1.35572089
v 0.11976399 -0.09457884 1.16169608
v 0.34756865 -0.27447847 1.25354380
v 0.11951323 -0.25313458 1.18192703
v 0.23767448 -0.34644771 1.22956803
v 0.68214188 -0.53869433 1.66870903
v 0.54135086 -0.42751024 1.42824856
v 0.70510653 -0.39807597 1.60968446
v 0.58192001 -0.64889234 1.61229333
v 0.63207886 -0.34040528 1.48495870
v 0.50782879 -0.59038176 1.48575110
v 0.11808034 0.55710789 1.27831713
v 0.34525236 0.43129435 1.29828410
v 0.19172058 0.65693941 1.34698323
v 0.11848983 0.41196311 1.22191063
v 0.70545874 0.09324924 1.51514008
v 0.54614263 0.27264927 1.37928031
v 0.71338431 0.24497630 1.55731092
v 0.64015356 0.00000000 1.43223832
v 0.33457323 0.81317280 1.52857409
v 0.42158687 0.52208907 1.37996135
v 0.26640413 0.74452368 1.43280565
v 0.46203790 0.74356446 1.56395850
v 0.31153771 0.59353986 1.35572089
v 0.11976399 0.09457884 1.16169608
v 0.34756865 0.27447847 1.25354380
v 0.11951323 0.25313458 1.18192703
v 0.23976423 0.00000000 1.18433180
v 0.23767448 0.34644771 1.22956803
v 0.68214188 0.53869433 1.66870903
v 0.54135086 0.42751024 1.42824856
v 0.70510653 0.39807597 1.60968446
v 0.58192001 0.64889234 1.61229333
v 0.63207886 0.34040528 1.48495870
v 0.50782879 0.59038176 1.48575110
v 0.46733264 -0.17989963 1.30183101
v 0.46733264 0.17989963 1.30183101
v 0.55821562 -0.09331313 1.35880585
v 0.35964635 -0.09467212 1.23266663
v 0.55821562 0.09331313 1.35880585
v 0.35964635 0.09467212 1.23266663
v 0.55407782 0.90141950 2.17703198
v 0.68278707 0.69784892 2.32523201
v 0.51412649 0.91154661 2.30237172
v 0.63261633 0.81797400 2.10000000
v 0.77843640 0.15088044 2.56021956
v 0.75952033 0.44115579 2.45628664
v 0.40859145 0.87162573 2.54500836
v 0.63639610 0.69172610 2.45316063
v 0.46450946 0.90096945 2.42884536
v 0.58267070 0.80765632 2.38120436
v 0.75616010 0.59714726 1.95138726
v 0.75616010 0.59714726 2.24861274
v 0.70218393 0.71327552 2.02291524
v 0.70218393 0.71327552 2.17708476
v 0.55407782 -0.90141950 2.17703198
v 0.68278707 -0.69784892 2.32523201
v 0.51412649 -0.91154661 2.30237172
v 0.63261633 -0.81797400 2.10000000
v 0.77843640 -0.15088044 2.56021956
v 0.75952033 -0.44115579 2.45628664
v 0.40859145 -0.87162573 2.54500836
v 0.63639610 -0.69172610 2.45316063
v 0.46450946 -0.90096945 2.42884536
v 0.58267070 -0.80765632 2.38120436
v 0.75616010 -0.59714726 1.95138726
v 0.75616010 -0.59714726 2.24861274
v 0.70218393 -0.71327552 2.02291524
v 0.70218393 -0.71327552 2.17708476
v 0.11808034 -0.55710789 2.92168287
v 0.34525236 -0.43129435 2.90171590
v 0.19172058 -0.65693941 2.85301677
v 0.11848983 -0.41196311 2.97808937
v 0.70545874 -0.09324924 2.68485992
v 0.54614263 -0.27264927 2.82071969
v 0.71338431 -0.24497630 2.64268908
v 0.33457323 -0.81317280 2.67142591
v 0.42158687 -0.52208907 2.82003865
v 0.26640413 -0.74452368 2.76719435
v 0.46203790 -0.74356446 2.63604150
v 0.31153771 -0.59353986 2.84427911
v 0.11976399 -0.09457884 3.03830392
v 0.34756865 -0.27447847 2.94645620
v 0.11951323 -0.25313458 3.01807297
v 0.23767448 -0.34644771 2.97043197
v 0.68214188 -0.53869433 2.53129097
v 0.54135086 -0.42751024 2.77175144
v 0.70510653 -0.39807597 2.59031554
v 0.58192001 -0.64889234 2.58770667
v 0.63207886 -0.34040528 2.71504130
v 0.50782879 -0.59038176 2.71424890
v 0.11808034 0.55710789 2.92168287
v 0.34525236 0.43129435 2.90171590
v 0.19172058 0.65693941 2.85301677
v 0.11848983 0.41196311 2.97808937
v 0.70545874 0.09324924 2.68485992
v 0.54614263 0.27264927 2.82071969
v 0.71338431 0.24497630 2.64268908
v 0.64015356 0.00000000 2.76776168
v 0.33457323 0.81317280 2.67142591
v 0.42158687 0.52208907 2.82003865
v 0.26640413 0.74452368 2.76719435
v 0.46203790 0.74356446 2.63604150
v 0.31153771 0.59353986 2.84427911
v 0.11976399 0.09457884 3.03830392
v 0.34756865 0.27447847 2.94645620
v 0.11951323 0.25313458 3.01807297
v 0.23976423 0.00000000 3.01566820
v 0.23767448 0.34644771 2.97043197
v 0.68214188 0.53869433 2.53129097
v 0.54135086 0.42751024 2.77175144
v 0.70510653 0.39807597 2.59031554
v 0.58192001 0.64889234 2.58770667
v 0.63207886 0.34040528 2.71504130
v 0.50782879 0.59038176 2.71424890
v 0.46733264 -0.17989963 2.89816899
v 0.46733264 0.17989963 2.89816899
v 0.55821562 -0.09331313 2.84119415
v 0.35964635 -0.09467212 2.96733337
v 0.55821562 0.09331313 2.84119415
v 0.35964635 0.09467212 2.96733337
v 0.82353908 0.00000000 1.71681242
v 0.89139499 0.00000000 1.96894537
v 0.83187414 0.15140368 1.75968265
v 0.83187414 -0.15140368 1.75968265
v 0.82353908 0.00000000 2.48318758
v 0.89139499 0.00000000 2.23105463
v 0.83187414 0.15140368 2.44031735
v 0.83187414 -0.15140368 2.44031735
v 0.80190587 0.44411549 1.87325692
v 0.88891951 0.15303177 2.02186966
v 0.82461976 0.30369516 1.81380406
v 0.82168424 0.45954811 2.02179260
v 0.86975334 0.15271135 1.89088882
v 0.80190587 -0.44411549 1.87325692
v 0.88891951 -0.15303177 2.02186966
v 0.82461976 -0.30369516 1.81380406
v 0.82168424 -0.45954811 2.02179260
v 0.86975334 -0.15271135 1.89088882
v 0.80190587 0.44411549 2.32674308
v 0.88891951 0.15303177 2.17813034
v 0.82461976 0.30369516 2.38619594
v 0.82168424 0.45954811 2.17820740
v 0.86975334 0.15271135 2.30911118
v 0.86747514 0.30636541 2.10000000
v 0.80190587 -0.44411549 2.32674308
v 0.88891951 -0.15303177 2.17813034
v 0.82461976 -0.30369516 2.38619594
v 0.82168424 -0.45954811 2.17820740
v 0.86975334 -0.15271135 2.30911118
v 0.86747514 -0.30636541 2.10000000
v -0.55407782 0.90141950 2.02296802
v -0.68278707 0.69784892 1.87476799
v -0.51412649 0.91154661 1.89762828
v -0.77843640 0.15088044 1.63978044
v -0.75952033 0.44115579 1.74371336
v -0.40859145 0.87162573 1.65499164
v -0.63639610 0.69172610 1.74683937
v -0.46450946 0.90096945 1.77115464
v -0.58267070 0.80765632 1.81879564
v -0.55407782 -0.90141950 2.02296802
v -0.68278707 -0.69784892 1.87476799
v -0.51412649 -0.91154661 1.89762828
v -0.77843640 -0.15088044 1.63978044
v -0.75952033 -0.44115579 1.74371336
v -0.40859145 -0.87162573 1.65499164
v -0.63639610 -0.69172610 1.74683937
v -0.46450946 -0.90096945 1.77115464
v -0.58267070 -0.80765632 1.81879564
v -0.11808034 -0.55710789 1.27831713
v -0.34525236 -0.43129435 1.29828410
v -0.19172058 -0.65693941 1.34698323
v -0.11848983 -0.41196311 1.22191063
v -0.70545874 -0.09324924 1.51514008
v -0.54614263 -0.27264927 1.37928031
v -0.71338431 -0.24497630 1.55731092
v -0.33457323 -0.81317280 1.52857409
v -0.42158687 -0.52208907 1.37996135
v -0.26640413 -0.74452368 1.43280565
v -0.46203790 -0.74356446 1.56395850
v -0.31153771 -0.59353986 1.35572089
v -0.11976399 -0.09457884 1.16169608
v -0.34756865 -0.27447847 1.25354380
v -0.11951323 -0.25313458 1.18192703
v -0.23767448 -0.34644771 1.22956803
v -0.68214188 -0.53869433 1.66870903
v -0.54135086 -0.42751024 1.42824856
v -0.70510653 -0.39807597 1.60968446
v -0.58192001 -0.64889234 1.61229333
v -0.63207886 -0.34040528 1.48495870
v -0.50782879 -0.59038176 1.48575110
v -0.11808034 0.55710789 1.27831713
v -0.34525236 0.43129435 1.29828410
v -0.19172058 0.65693941 1.34698323
v -0.11848983 0.41196311 1.22191063
v -0.70545874 0.09324924 1.51514008
v -0.54614263 0.27264927 1.37928031
v -0.71338431 0.24497630 1.55731092
v -0.64015356 0.00000000 1.43223832
v -0.33457323 0.81317280 1.52857409
v -0.42158687 0.52208907 1.37996135
v -0.26640413 0.74452368 1.43280565
v -0.46203790 0.74356446 1.56395850
v -0.31153771 0.59353986 1.35572089
v -0.11976399 0.09457884 1.16169608
v -0.34756865 0.27447847 1.25354380
v -0.11951323 0.25313458 1.18192703
v -0.23976423 0.00000000 1.18433180
v -0.23767448 0.34644771 1.22956803
v -0.68214188 0.53869433 1.66870903
v -0.54135086 0.42751024 1.42824856
v -0.70510653 0.39807597 1.60968446
v -0.58192001 0.64889234 1.61229333
v -0.63207886 0.34040528 1.48495870
v -0.50782879 0.59038176 1.48575110
v -0.46733264 -0.17989963 1.30183101
v -0.46733264 0.17989963 1.30183101
v -0.55821562 -0.09331313 1.35880585
v -0.35964635 -0.09467212 1.23266663
v -0.55821562 0.09331313 1.35880585
v -0.35964635 0.09467212 1.23266663
v -0.55407782 0.90141950 2.17703198
v -0.68278707 0.69784892 2.32523201
v -0.51412649 0.91154661 2.30237172
v -0.63261633 0.81797400 2.10000000
v -0.77843640 0.15088044 2.56021956
v -0.75952033 0.44115579 2.45628664
v -0.40859145 0.87162573 2.54500836
v -0.63639610 0.69172610 2.45316063
v -0.46450946 0.90096945 2.42884536
v -0.58267070 0.80765632 2.38120436
v -0.75616010 0.59714726 1.95138726
v -0.75616010 0.59714726 2.24861274
v -0.70218393 0.71327552 2.02291524
v -0.70218393 0.71327552 2.17708476
v -0.55407782 -0.90141950 2.17703198
v -0.68278707 -0.69784892 2.32523201
v -0.51412649 -0.91154661 2.30237172
v -0.63261633 -0.81797400 2.10000000
v -0.77843640 -0.15088044 2.56021956
v -0.75952033 -0.44115579 2.45628664
v -0.40859145 -0.87162573 2.54500836
v -0.63639610 -0.69172610 2.45316063
v -0.46450946 -0.90096945 2.42884536
v -0.58267070 -0.80765632 2.38120436
v -0.75616010 -0.59714726 1.95138726
v -0.75616010 -0.59714726 2.24861274
v -0.70218393 -0.71327552 2.02291524
v -0.70218393 -0.71327552 2.17708476
v -0.11808034 -0.55710789 2.92168287
v -0.34525236 -0.43129435 2.90171590
v -0.19172058 -0.65693941 2.85301677
v -0.11848983 -0.41196311 2.97808937
v -0.70545874 -0.09324924 2.68485992
v -0.54614263 -0.27264927 2.82071969
v -0.71338431 -0.24497630 2.64268908
v -0.33457323 -0.81317280 2.67142591
v -0.42158687 -0.52208907 2.82003865
v -0.26640413 -0.74452368 2.76719435
v -0.46203790 -0.74356446 2.63604150
v -0.31153771 -0.59353986 2.84427911
v -0.11976399 -0.09457884 3.03830392
v -0.34756865 -0.27447847 2.94645620
v -0.11951323 -0.25313458 3.01807297
v -0.23767448 -0.34644771 2.97043197
v -0.68214188 -0.53869433 2.53129097
v -0.54135086 -0.42751024 2.77175144
v -0.70510653 -0.39807597 2.59031554
v -0.58192001 -0.64889234 2.58770667
v -0.63207886 -0.34040528 2.71504130
v -0.50782879 -0.59038176 2.71424890
v -0.11808034 0.55710789 2.92168287
v -0.34525236 0.43129435 2.90171590
v -0.19172058 0.65693941 2.85301677
v -0.11848983 0.41196311 2.97808937
v -0.70545874 0.09324924 2.68485992
v -0.54614263 0.27264927 2.82071969
v -0.71338431 0.24497630 2.64268908
v -0.64015356 0.00000000 2.76776168
v -0.33457323 0.81317280 2.67142591
v -0.42158687 0.52208907 2.82003865
v -0.26640413 0.74452368 2.76719435
v -0.46203790 0.74356446 2.63604150
v -0.31153771 0.59353986 2.84427911
v -0.11976399 0.09457884 3.03830392
v -0.34756865 0.27447847 2.94645620
v -0.11951323 0.25313458 3.01807297
v -0.23976423 0.00000000 3.01566820
v -0.23767448 0.34644771 2.97043197
v -0.68214188 0.53869433 2.53129097
v -0.54135086 0.42751024 2.77175144
v -0.70510653 0.39807597 2.59031554
v -0.58192001 0.64889234 2.58770667
v -0.63207886 0.34040528 2.71504130
v -0.50782879 0.59038176 2.71424890
v -0.46733264 -0.17989963 2.89816899
v -0.46733264 0.17989963 2.89816899
v -0.55821562 -0.09331313 2.84119415
v -0.35964635 -0.09467212 2.96733337
v -0.55821562 0.09331313 2.84119415
v -0.35964635 0.09467212 2.96733337
v -0.82353908 0.00000000 1.71681242
v -0.89139499 0.00000000 1.96894537
v -0.83187414 0.15140368 1.75968265
v -0.83187414 -0.15140368 1.75968265
v -0.82353908 0.00000000 2.48318758
v -0.89139499 0.00000000 2.23105463
v -0.83187414 0.15140368 2.44031735
v -0.83187414 -0.15140368 2.44031735
v -0.80190587 0.44411549 1.87325692
v -0.88891951 0.15303177 2.02186966
v -0.82461976 0.30369516 1.81380406
v -0.82168424 0.45954811 2.02179260
v -0.86975334 0.15271135 1.89088882
v -0.80190587 -0.44411549 1.87325692
v -0.88891951 -0.15303177 2.02186966
v -0.82461976 -0.30369516 1.81380406
v -0.82168424 -0.45954811 2.02179260
v -0.86975334 -0.15271135 1.89088882
v -0.80190587 0.44411549 2.32674308
v -0.88891951 0.15303177 2.17813034
v -0.82461976 0.30369516 2.38619594
v -0.82168424 0.45954811 2.17820740
v -0.86975334 0.15271135 2.30911118
v -0.86747514 0.30636541 2.10000000
v -0.80190587 -0.44411549 2.32674308
v -0.88891951 -0.15303177 2.17813034
v -0.82461976 -0.30369516 2.38619594
v -0.82168424 -0.45954811 2.17820740
v -0.86975334 -0.15271135 2.30911118
v -0.86747514 -0.30636541 2.10000000
v -1.10235093 0.40831239 2.60000000
v -0.59764907 0.40831239 2.60000000
v -1.10235093 -0.40831239 2.60000000
v -0.59764907 -0.40831239 2.60000000
v -0.85000000 -0.25235093 3.00831239
v -0.85000000 0.25235093 3.00831239
v -0.85000000 -0.25235093 2.19168761
v -0.85000000 0.25235093 2.19168761
v -0.44168761 0.00000000 2.34764907
v -0.44168761 0.00000000 2.85235093
v -1.25831239 0.00000000 2.34764907
v -1.25831239 0.00000000 2.85235093
v -0.85000000 0.48000000 2.60000000
v -0.85000000 -0.48000000 2.60000000
v -0.99832816 -0.38832816 2.84000000
v -0.70167184 -0.38832816 2.84000000
v -0.99832816 0.38832816 2.84000000
v -0.70167184 0.38832816 2.84000000
v -0.85000000 0.00000000 3.08000000
v -0.99832816 -0.38832816 2.36000000
v -0.70167184 -0.38832816 2.36000000
v -0.99832816 0.38832816 2.36000000
v -0.70167184 0.38832816 2.36000000
v -0.85000000 0.00000000 2.12000000
v -0.46167184 0.24000000 2.45167184
v -0.46167184 -0.24000000 2.45167184
v -0.61000000 -0.14832816 2.21167184
v -0.61000000 0.14832816 2.21167184
v -0.46167184 0.24000000 2.74832816
v -0.46167184 -0.24000000 2.74832816
v -0.61000000 -0.14832816 2.98832816
v -0.61000000 0.14832816 2.98832816
v -0.37000000 0.00000000 2.60000000
v -1.23832816 0.24000000 2.45167184
v -1.23832816 -0.24000000 2.45167184
v -1.09000000 -0.14832816 2.21167184
v -1.09000000 0.14832816 2.21167184
v -1.23832816 0.24000000 2.74832816
v -1.23832816 -0.24000000 2.74832816
v -1.09000000 -0.14832816 2.98832816
v -1.09000000 0.14832816 2.98832816
v -1.33000000 0.00000000 2.60000000
v -0.98116793 0.46173041 2.60000000
v -0.71883207 0.46173041 2.60000000
v -0.98116793 -0.46173041 2.60000000
v -0.71883207 -0.46173041 2.60000000
v -1.05826651 -0.41408087 2.72474812
v -0.92709858 -0.33301463 2.93698229
v -0.92798073 -0.45650713 2.72617547
v -0.64173349 -0.41408087 2.72474812
v -0.77290142 -0.33301463 2.93698229
v -0.77201927 -0.45650713 2.72617547
v -0.85000000 -0.40831239 2.85235093
v -1.05826651 0.41408087 2.72474812
v -0.92709858 0.33301463 2.93698229
v -0.92798073 0.45650713 2.72617547
v -0.64173349 0.41408087 2.72474812
v -0.77290142 0.33301463 2.93698229
v -0.77201927 0.45650713 2.72617547
v -0.85000000 0.40831239 2.85235093
v -0.85000000 -0.13116793 3.06173041
v -0.85000000 0.13116793 3.06173041
v -1.05826651 -0.41408087 2.47525188
v -0.92709858 -0.33301463 2.26301771
v -0.92798073 -0.45650713 2.47382453
v -0.64173349 -0.41408087 2.47525188
v -0.77290142 -0.33301463 2.26301771
v -0.77201927 -0.45650713 2.47382453
v -0.85000000 -0.40831239 2.34764907
v -1.05826651 0.41408087 2.47525188
v -0.92709858 0.33301463 2.26301771
v -0.92798073 0.45650713 2.47382453
v -0.64173349 0.41408087 2.47525188
v -0.77290142 0.33301463 2.26301771
v -0.77201927 0.45650713 2.47382453
v -0.85000000 0.40831239 2.34764907
v -0.85000000 -0.13116793 2.13826959
v -0.85000000 0.13116793 2.13826959
v -0.51698537 0.33698229 2.52290142
v -0.43591913 0.12474812 2.39173349
v -0.56786308 0.33033166 2.39584381
v -0.51698537 -0.33698229 2.52290142
v -0.43591913 -0.12474812 2.39173349
v -0.56786308 -0.33033166 2.39584381
v -0.72525188 -0.20826651 2.18591913
v -0.51301771 -0.07709858 2.26698537
v -0.64584381 -0.28213692 2.26966834
v -0.72382453 -0.07798073 2.14349287
v -0.51966834 -0.20415619 2.31786308
v -0.72525188 0.20826651 2.18591913
v -0.51301771 0.07709858 2.26698537
v -0.64584381 0.28213692 2.26966834
v -0.72382453 0.07798073 2.14349287
v -0.51966834 0.20415619 2.31786308
v -0.59764907 0.00000000 2.19168761
v -0.51698537 0.33698229 2.67709858
v -0.43591913 0.12474812 2.80826651
v -0.56786308 0.33033166 2.80415619
v -0.44168761 0.25235093 2.60000000
v -0.51698537 -0.33698229 2.67709858
v -0.43591913 -0.12474812 2.80826651
v -0.56786308 -0.33033166 2.80415619
v -0.44168761 -0.25235093 2.60000000
v -0.72525188 -0.20826651 3.01408087
v -0.51301771 -0.07709858 2.93301463
v -0.64584381 -0.28213692 2.93033166
v -0.72382453 -0.07798073 3.05650713
v -0.51966834 -0.20415619 2.88213692
v -0.72525188 0.20826651 3.01408087
v -0.51301771 0.07709858 2.93301463
v -0.64584381 0.28213692 2.93033166
v -0.72382453 0.07798073 3.05650713
v -0.51966834 0.20415619 2.88213692
v -0.59764907 0.00000000 3.00831239
v -0.38826959 0.00000000 2.46883207
v -0.38826959 0.00000000 2.73116793
v -0.39349287 0.12617547 2.52201927
v -0.39349287 -0.12617547 2.52201927
v -0.39349287 0.12617547 2.67798073
v -0.39349287 -0.12617547 2.67798073
v -1.18301463 0.33698229 2.52290142
v -1.26408087 0.12474812 2.39173349
v -1.13213692 0.33033166 2.39584381
v -1.18301463 -0.33698229 2.52290142
v -1.26408087 -0.12474812 2.39173349
v -1.13213692 -0.33033166 2.39584381
v -0.97474812 -0.20826651 2.18591913
v -1.18698229 -0.07709858 2.26698537
v -1.05415619 -0.28213692 2.26966834
v -0.97617547 -0.07798073 2.14349287
v -1.18033166 -0.20415619 2.31786308
v -0.97474812 0.20826651 2.18591913
v -1.18698229 0.07709858 2.26698537
v -1.05415619 0.28213692 2.26966834
v -0.97617547 0.07798073 2.14349287
v -1.18033166 0.20415619 2.31786308
v -1.10235093 0.00000000 2.19168761
v -1.18301463 0.33698229 2.67709858
v -1.26408087 0.12474812 2.80826651
v -1.13213692 0.33033166 2.80415619
v -1.25831239 0.25235093 2.60000000
v -1.18301463 -0.33698229 2.67709858
v -1.26408087 -0.12474812 2.80826651
v -1.13213692 -0.33033166 2.80415619
v -1.25831239 -0.25235093 2.60000000
v -0.97474812 -0.20826651 3.01408087
v -1.18698229 -0.07709858 2.93301463
v -1.05415619 -0.28213692 2.93033166
v -0.97617547 -0.07798073 3.05650713
v -1.18033166 -0.20415619 2.88213692
v -0.97474812 0.20826651 3.01408087
v -1.18698229 0.07709858 2.93301463
v -1.05415619 0.28213692 2.93033166
v -0.97617547 0.07798073 3.05650713
v -1.18033166 0.20415619 2.88213692
v -1.10235093 0.00000000 3.00831239
v -1.31173041 0.00000000 2.46883207
v -1.31173041 0.00000000 2.73116793
v -1.30650713 0.12617547 2.52201927
v -1.30650713 -0.12617547 2.52201927
v -1.30650713 0.12617547 2.67798073
v -1.30650713 -0.12617547 2.67798073
v 0.59764907 0.40831239 2.60000000
v 1.10235093 0.40831239 2.60000000
v 0.59764907 -0.40831239 2.60000000
v 1.10235093 -0.40831239 2.60000000
v 0.85000000 -0.25235093 3.00831239
v 0.85000000 0.25235093 3.00831239
v 0.85000000 -0.25235093 2.19168761
v 0.85000000 0.25235093 2.19168761
v 1.25831239 0.00000000 2.34764907
v 1.25831239 0.00000000 2.85235093
v 0.44168761 0.00000000 2.34764907
v 0.44168761 0.00000000 2.85235093
v 0.85000000 0.48000000 2.60000000
v 0.85000000 -0.48000000 2.60000000
v 0.70167184 -0.38832816 2.84000000
v 0.99832816 -0.38832816 2.84000000
v 0.70167184 0.38832816 2.84000000
v 0.99832816 0.38832816 2.84000000
v 0.85000000 0.00000000 3.08000000
v 0.70167184 -0.38832816 2.36000000
v 0.99832816 -0.38832816 2.36000000
v 0.70167184 0.38832816 2.36000000
v 0.99832816 0.38832816 2.36000000
v 0.85000000 0.00000000 2.12000000
v 1.23832816 0.24000000 2.45167184
v 1.23832816 -0.24000000 2.45167184
v 1.09000000 -0.14832816 2.21167184
v 1.09000000 0.14832816 2.21167184
v 1.23832816 0.24000000 2.74832816
v 1.23832816 -0.24000000 2.74832816
v 1.09000000 -0.14832816 2.98832816
v 1.09000000 0.14832816 2.98832816
v 1.33000000 0.00000000 2.60000000
v 0.46167184 0.24000000 2.45167184
v 0.46167184 -0.24000000 2.45167184
v 0.61000000 -0.14832816 2.21167184
v 0.61000000 0.14832816 2.21167184
v 0.46167184 0.24000000 2.74832816
v 0.46167184 -0.24000000 2.74832816
v 0.61000000 -0.14832816 2.98832816
v 0.61000000 0.14832816 2.98832816
v 0.37000000 0.00000000 2.60000000
v 0.71883207 0.46173041 2.60000000
v 0.98116793 0.46173041 2.60000000
v 0.71883207 -0.46173041 2.60000000
v 0.98116793 -0.46173041 2.60000000
v 0.64173349 -0.41408087 2.72474812
v 0.77290142 -0.33301463 2.93698229
v 0.77201927 -0.45650713 2.72617547
v 1.05826651 -0.41408087 2.72474812
v 0.92709858 -0.33301463 2.93698229
v 0.92798073 -0.45650713 2.72617547
v 0.85000000 -0.40831239 2.85235093
v 0.64173349 0.41408087 2.72474812
v 0.77290142 0.33301463 2.93698229
v 0.77201927 0.45650713 2.72617547
v 1.05826651 0.41408087 2.72474812
v 0.92709858 0.33301463 2.93698229
v 0.92798073 0.45650713 2.72617547
v 0.85000000 0.40831239 2.85235093
v 0.85000000 -0.13116793 3.06173041
v 0.85000000 0.13116793 3.06173041
v 0.64173349 -0.41408087 2.47525188
v 0.77290142 -0.33301463 2.26301771
v 0.77201927 -0.45650713 2.47382453
v 1.05826651 -0.41408087 2.47525188
v 0.92709858 -0.33301463 2.26301771
v 0.92798073 -0.45650713 2.47382453
v 0.85000000 -0.40831239 2.34764907
v 0.64173349 0.41408087 2.47525188
v 0.77290142 0.33301463 2.26301771
v 0.77201927 0.45650713 2.47382453
v 1.05826651 0.41408087 2.47525188
v 0.92709858 0.33301463 2.26301771
v 0.92798073 0.45650713 2.47382453
v 0.85000000 0.40831239 2.34764907
v 0.85000000 -0.13116793 2.13826959
v 0.85000000 0.13116793 2.13826959
v 1.18301463 0.33698229 2.52290142
v 1.26408087 0.12474812 2.39173349
v 1.13213692 0.33033166 2.39584381
v 1.18301463 -0.33698229 2.52290142
v 1.26408087 -0.12474812 2.39173349
v 1.13213692 -0.33033166 2.39584381
v 0.97474812 -0.20826651 2.18591913
v 1.18698229 -0.07709858 2.26698537
v 1.05415619 -0.28213692 2.26966834
v 0.97617547 -0.07798073 2.14349287
v 1.18033166 -0.20415619 2.31786308
v 0.97474812 0.20826651 2.18591913
v 1.18698229 0.07709858 2.26698537
v 1.05415619 0.28213692 2.26966834
v 0.97617547 0.07798073 2.14349287
v 1.18033166 0.20415619 2.31786308
v 1.10235093 0.00000000 2.19168761
v 1.18301463 0.33698229 2.67709858
v 1.26408087 0.12474812 2.80826651
v 1.13213692 0.33033166 2.80415619
v 1.25831239 0.25235093 2.60000000
v 1.18301463 -0.33698229 2.67709858
v 1.26408087 -0.12474812 2.80826651
v 1.13213692 -0.33033166 2.80415619
v 1.25831239 -0.25235093 2.60000000
v 0.97474812 -0.20826651 3.01408087
v 1.18698229 -0.07709858 2.93301463
v 1.05415619 -0.28213692 2.93033166
v 0.97617547 -0.07798073 3.05650713
v 1.18033166 -0.20415619 2.88213692
v 0.97474812 0.20826651 3.01408087
v 1.18698229 0.07709858 2.93301463
v 1.05415619 0.28213692 2.93033166
v 0.97617547 0.07798073 3.05650713
v 1.18033166 0.20415619 2.88213692
v 1.10235093 0.00000000 3.00831239
v 1.31173041 0.00000000 2.46883207
v 1.31173041 0.00000000 2.73116793
v 1.30650713 0.12617547 2.52201927
v 1.30650713 -0.12617547 2.52201927
v 1.30650713 0.12617547 2.67798073
v 1.30650713 -0.12617547 2.67798073
v 0.51698537 0.33698229 2.52290142
v 0.43591913 0.12474812 2.39173349
v 0.56786308 0.33033166 2.39584381
v 0.51698537 -0.33698229 2.52290142
v 0.43591913 -0.12474812 2.39173349
v 0.56786308 -0.33033166 2.39584381
v 0.72525188 -0.20826651 2.18591913
v 0.51301771 -0.07709858 2.26698537
v 0.64584381 -0.28213692 2.26966834
v 0.72382453 -0.07798073 2.14349287
v 0.51966834 -0.20415619 2.31786308
v 0.72525188 0.20826651 2.18591913
v 0.51301771 0.07709858 2.26698537
v 0.64584381 0.28213692 2.26966834
v 0.72382453 0.07798073 2.14349287
v 0.51966834 0.20415619 2.31786308
v 0.59764907 0.00000000 2.19168761
v 0.51698537 0.33698229 2.67709858
v 0.43591913 0.12474812 2.80826651
v 0.56786308 0.33033166 2.80415619
v 0.44168761 0.25235093 2.60000000
v 0.51698537 -0.33698229 2.67709858
v 0.43591913 -0.12474812 2.80826651
v 0.56786308 -0.33033166 2.80415619
v 0.44168761 -0.25235093 2.60000000
v 0.72525188 -0.20826651 3.01408087
v 0.51301771 -0.07709858 2.93301463
v 0.64584381 -0.28213692 2.93033166
v 0.72382453 -0.07798073 3.05650713
v 0.51966834 -0.20415619 2.88213692
v 0.72525188 0.20826651 3.01408087
v 0.51301771 0.07709858 2.93301463
v 0.64584381 0.28213692 2.93033166
v 0.72382453 0.07798073 3.05650713
v 0.51966834 0.20415619 2.88213692
v 0.59764907 0.00000000 3.00831239
v 0.38826959 0.00000000 2.46883207
v 0.38826959 0.00000000 2.73116793
v 0.39349287 0.12617547 2.52201927
v 0.39349287 -0.12617547 2.52201927
v 0.39349287 0.12617547 2.67798073
v 0.39349287 -0.12617547 2.67798073
v -0.42058489 0.68052065 3.40000000
v 0.42058489 0.68052065 3.40000000
v -0.42058489 -0.68052065 3.40000000
v 0.42058489 -0.68052065 3.40000000
v 0.00000000 -0.42058489 4.20811827
v 0.00000000 0.42058489 4.20811827
v 0.00000000 -0.42058489 2.59188173
v 0.00000000 0.42058489 2.59188173
v 0.68052065 0.00000000 2.90055544
v 0.68052065 0.00000000 3.89944456
v -0.68052065 0.00000000 2.90055544
v -0.68052065 0.00000000 3.89944456
v 0.00000000 0.80000000 3.40000000
v 0.00000000 -0.80000000 3.40000000
v -0.24721360 -0.64721360 3.87500000
v 0.24721360 -0.64721360 3.87500000
v -0.24721360 0.64721360 3.87500000
v 0.24721360 0.64721360 3.87500000
v 0.00000000 0.00000000 4.35000000
v -0.24721360 -0.64721360 2.92500000
v 0.24721360 -0.64721360 2.92500000
v -0.24721360 0.64721360 2.92500000
v 0.24721360 0.64721360 2.92500000
v 0.00000000 0.00000000 2.45000000
v 0.64721360 0.40000000 3.10643386
v 0.64721360 -0.40000000 3.10643386
v 0.40000000 -0.24721360 2.63143386
v 0.40000000 0.24721360 2.63143386
v 0.64721360 0.40000000 3.69356614
v 0.64721360 -0.40000000 3.69356614
v 0.40000000 -0.24721360 4.16856614
v 0.40000000 0.24721360 4.16856614
v 0.80000000 0.00000000 3.40000000
v -0.64721360 0.40000000 3.10643386
v -0.64721360 -0.40000000 3.10643386
v -0.40000000 -0.24721360 2.63143386
v -0.40000000 0.24721360 2.63143386
v -0.64721360 0.40000000 3.69356614
v -0.64721360 -0.40000000 3.69356614
v -0.40000000 -0.24721360 4.16856614
v -0.40000000 0.24721360 4.16856614
v -0.80000000 0.00000000 3.40000000
v -0.21861322 0.76955069 3.40000000
v 0.21861322 0.76955069 3.40000000
v -0.21861322 -0.76955069 3.40000000
v 0.21861322 -0.76955069 3.40000000
v -0.34711085 -0.69013478 3.64689732
v -0.12849763 -0.55502438 4.06694412
v -0.12996788 -0.76084521 3.64972228
v 0.34711085 -0.69013478 3.64689732
v 0.12849763 -0.55502438 4.06694412
v 0.12996788 -0.76084521 3.64972228
v 0.00000000 -0.68052065 3.89944456
v -0.34711085 0.69013478 3.64689732
v -0.12849763 0.55502438 4.06694412
v -0.12996788 0.76084521 3.64972228
v 0.34711085 0.69013478 3.64689732
v 0.12849763 0.55502438 4.06694412
v 0.12996788 0.76084521 3.64972228
v 0.00000000 0.68052065 3.89944456
v 0.00000000 -0.21861322 4.31384144
v 0.00000000 0.21861322 4.31384144
v -0.34711085 -0.69013478 3.15310268
v -0.12849763 -0.55502438 2.73305588
v -0.12996788 -0.76084521 3.15027772
v 0.34711085 -0.69013478 3.15310268
v 0.12849763 -0.55502438 2.73305588
v 0.12996788 -0.76084521 3.15027772
v 0.00000000 -0.68052065 2.90055544
v -0.34711085 0.69013478 3.15310268
v -0.12849763 0.55502438 2.73305588
v -0.12996788 0.76084521 3.15027772
v 0.34711085 0.69013478 3.15310268
v 0.12849763 0.55502438 2.73305588
v 0.12996788 0.76084521 3.15027772
v 0.00000000 0.68052065 2.90055544
v 0.00000000 -0.21861322 2.48615856
v 0.00000000 0.21861322 2.48615856
v 0.55502438 0.56163716 3.24740907
v 0.69013478 0.20791353 2.98780586
v 0.47022820 0.55055277 2.99594087
v 0.55502438 -0.56163716 3.24740907
v 0.69013478 -0.20791353 2.98780586
v 0.47022820 -0.55055277 2.99594087
v 0.20791353 -0.34711085 2.58046494
v 0.56163716 -0.12849763 2.74090855
v 0.34026032 -0.47022820 2.74621859
v 0.21029244 -0.12996788 2.49649631
v 0.55055277 -0.34026032 2.84160401
v 0.20791353 0.34711085 2.58046494
v 0.56163716 0.12849763 2.74090855
v 0.34026032 0.47022820 2.74621859
v 0.21029244 0.12996788 2.49649631
v 0.55055277 0.34026032 2.84160401
v 0.42058489 0.00000000 2.59188173
v 0.55502438 0.56163716 3.55259093
v 0.69013478 0.20791353 3.81219414
v 0.47022820 0.55055277 3.80405913
v 0.68052065 0.42058489 3.40000000
v 0.55502438 -0.56163716 3.55259093
v 0.69013478 -0.20791353 3.81219414
v 0.47022820 -0.55055277 3.80405913
v 0.68052065 -0.42058489 3.40000000
v 0.20791353 -0.34711085 4.21953506
v 0.56163716 -0.12849763 4.05909145
v 0.34026032 -0.47022820 4.05378141
v 0.21029244 -0.12996788 4.30350369
v 0.55055277 -0.34026032 3.95839599
v 0.20791353 0.34711085 4.21953506
v 0.56163716 0.12849763 4.05909145
v 0.34026032 0.47022820 4.05378141
v 0.21029244 0.12996788 4.30350369
v 0.55055277 0.34026032 3.95839599
v 0.42058489 0.00000000 4.20811827
v 0.76955069 0.00000000 3.14039680
v 0.76955069 0.00000000 3.65960320
v 0.76084521 0.21029244 3.24566314
v 0.76084521 -0.21029244 3.24566314
v 0.76084521 0.21029244 3.55433686
v 0.76084521 -0.21029244 3.55433686
v -0.55502438 0.56163716 3.24740907
v -0.69013478 0.20791353 2.98780586
v -0.47022820 0.55055277 2.99594087
v -0.55502438 -0.56163716 3.24740907
v -0.69013478 -0.20791353 2.98780586
v -0.47022820 -0.55055277 2.99594087
v -0.20791353 -0.34711085 2.58046494
v -0.56163716 -0.12849763 2.74090855
v -0.34026032 -0.47022820 2.74621859
v -0.21029244 -0.12996788 2.49649631
v -0.55055277 -0.34026032 2.84160401
v -0.20791353 0.34711085 2.58046494
v -0.56163716 0.12849763 2.74090855
v -0.34026032 0.47022820 2.74621859
v -0.21029244 0.12996788 2.49649631
v -0.55055277 0.34026032 2.84160401
v -0.42058489 0.00000000 2.59188173
v -0.55502438 0.56163716 3.55259093
v -0.69013478 0.20791353 3.81219414
v -0.47022820 0.55055277 3.80405913
v -0.68052065 0.42058489 3.40000000
v -0.55502438 -0.56163716 3.55259093
v -0.69013478 -0.20791353 3.81219414
v -0.47022820 -0.55055277 3.80405913
v -0.68052065 -0.42058489 3.40000000
v -0.20791353 -0.34711085 4.21953506
v -0.56163716 -0.12849763 4.05909145
v -0.34026032 -0.47022820 4.05378141
v -0.21029244 -0.12996788 4.30350369
v -0.55055277 -0.34026032 3.95839599
v -0.20791353 0.34711085 4.21953506
v -0.56163716 0.12849763 4.05909145
v -0.34026032 0.47022820 4.05378141
v -0.21029244 0.12996788 4.30350369
v -0.55055277 0.34026032 3.95839599
v -0.42058489 0.00000000 4.20811827
v -0.76955069 0.00000000 3.14039680
v -0.76955069 0.00000000 3.65960320
v -0.76084521 0.21029244 3.24566314
v -0.76084521 -0.21029244 3.24566314
v -0.76084521 0.21029244 3.55433686
v -0.76084521 -0.21029244 3.55433686
v -0.32268428 0.73203474 3.40000000
v -0.11036179 0.79235111 3.40000000
v 0.32268428 0.73203474 3.40000000
v 0.11036179 0.79235111 3.40000000
v -0.32268428 -0.73203474 3.40000000
v -0.11036179 -0.79235111 3.40000000
v 0.32268428 -0.73203474 3.40000000
v 0.11036179 -0.79235111 3.40000000
v -0.38755331 -0.69194347 3.52464036
v -0.30003085 -0.67512918 3.76443305
v -0.28658303 -0.73944368 3.52507260
v -0.06486903 -0.49251362 4.14465089
v -0.18966906 -0.60692184 3.97648389
v -0.06579397 -0.79015067 3.52641755
v -0.19094154 -0.71280522 3.76687802
v -0.17609362 -0.77311408 3.52615285
v -0.24100710 -0.73299534 3.65087861
v 0.38755331 -0.69194347 3.52464036
v 0.30003085 -0.67512918 3.76443305
v 0.28658303 -0.73944368 3.52507260
v 0.06486903 -0.49251362 4.14465089
v 0.18966906 -0.60692184 3.97648389
v 0.00000000 -0.56232562 4.07571765
v 0.06579397 -0.79015067 3.52641755
v 0.19094154 -0.71280522 3.76687802
v 0.17609362 -0.77311408 3.52615285
v 0.00000000 -0.77108901 3.65308447
v 0.24100710 -0.73299534 3.65087861
v -0.12514757 -0.67214231 3.89329557
v 0.12514757 -0.67214231 3.89329557
v -0.06491348 -0.62416350 3.98922760
v -0.06585886 -0.73038599 3.77962670
v 0.06491348 -0.62416350 3.98922760
v 0.06585886 -0.73038599 3.77962670
v -0.38755331 0.69194347 3.52464036
v -0.30003085 0.67512918 3.76443305
v -0.28658303 0.73944368 3.52507260
v -0.06486903 0.49251362 4.14465089
v -0.18966906 0.60692184 3.97648389
v -0.06579397 0.79015067 3.52641755
v -0.19094154 0.71280522 3.76687802
v -0.17609362 0.77311408 3.52615285
v -0.24100710 0.73299534 3.65087861
v 0.38755331 0.69194347 3.52464036
v 0.30003085 0.67512918 3.76443305
v 0.28658303 0.73944368 3.52507260
v 0.06486903 0.49251362 4.14465089
v 0.18966906 0.60692184 3.97648389
v 0.00000000 0.56232562 4.07571765
v 0.06579397 0.79015067 3.52641755
v 0.19094154 0.71280522 3.76687802
v 0.17609362 0.77311408 3.52615285
v 0.00000000 0.77108901 3.65308447
v 0.24100710 0.73299534 3.65087861
v -0.12514757 0.67214231 3.89329557
v 0.12514757 0.67214231 3.89329557
v -0.06491348 0.62416350 3.98922760
v -0.06585886 0.73038599 3.77962670
v 0.06491348 0.62416350 3.98922760
v 0.06585886 0.73038599 3.77962670
v 0.00000000 -0.32268428 4.26929125
v 0.00000000 -0.11036179 4.34091694
v 0.00000000 0.32268428 4.26929125
v 0.00000000 0.11036179 4.34091694
v -0.38755331 -0.69194347 3.27535964
v -0.30003085 -0.67512918 3.03556695
v -0.28658303 -0.73944368 3.27492740
v -0.06486903 -0.49251362 2.65534911
v -0.18966906 -0.60692184 2.82351611
v -0.06579397 -0.79015067 3.27358245
v -0.19094154 -0.71280522 3.03312198
v -0.17609362 -0.77311408 3.27384715
v -0.24100710 -0.73299534 3.14912139
v 0.38755331 -0.69194347 3.27535964
v 0.30003085 -0.67512918 3.03556695
v 0.28658303 -0.73944368 3.27492740
v 0.06486903 -0.49251362 2.65534911
v 0.18966906 -0.60692184 2.82351611
v 0.00000000 -0.56232562 2.72428235
v 0.06579397 -0.79015067 3.27358245
v 0.19094154 -0.71280522 3.03312198
v 0.17609362 -0.77311408 3.27384715
v 0.00000000 -0.77108901 3.14691553
v 0.24100710 -0.73299534 3.14912139
v -0.12514757 -0.67214231 2.90670443
v 0.12514757 -0.67214231 2.90670443
v -0.06491348 -0.62416350 2.81077240
v -0.06585886 -0.73038599 3.02037330
v 0.06491348 -0.62416350 2.81077240
v 0.06585886 -0.73038599 3.02037330
v -0.38755331 0.69194347 3.27535964
v -0.30003085 0.67512918 3.03556695
v -0.28658303 0.73944368 3.27492740
v -0.06486903 0.49251362 2.65534911
v -0.18966906 0.60692184 2.82351611
v -0.06579397 0.79015067 3.27358245
v -0.19094154 0.71280522 3.03312198
v -0.17609362 0.77311408 3.27384715
v -0.24100710 0.73299534 3.14912139
v 0.38755331 0.69194347 3.27535964
v 0.30003085 0.67512918 3.03556695
v 0.28658303 0.73944368 3.27492740
v 0.06486903 0.49251362 2.65534911
v 0.18966906 0.60692184 2.82351611
v 0.00000000 0.56232562 2.72428235
v 0.06579397 0.79015067 3.27358245
v 0.19094154 0.71280522 3.03312198
v 0.17609362 0.77311408 3.27384715
v 0.00000000 0.77108901 3.14691553
v 0.24100710 0.73299534 3.14912139
v -0.12514757 0.67214231 2.90670443
v 0.12514757 0.67214231 2.90670443
v -0.06491348 0.62416350 2.81077240
v -0.06585886 0.73038599 3.02037330
v 0.06491348 0.62416350 2.81077240
v 0.06585886 0.73038599 3.02037330
v 0.00000000 -0.32268428 2.53070875
v 0.00000000 -0.11036179 2.45908306
v 0.00000000 0.32268428 2.53070875
v 0.00000000 0.11036179 2.45908306
v 0.49251362 0.62707443 3.32296802
v 0.60692184 0.48546012 3.17476799
v 0.45700133 0.63411938 3.19762828
v 0.69194347 0.10496030 2.93978044
v 0.67512918 0.30689099 3.04371336
v 0.36319240 0.60634834 2.95499164
v 0.56568542 0.48120076 3.04683937
v 0.41289730 0.62676136 3.07115464
v 0.51792952 0.56184788 3.11879564
v 0.49251362 -0.62707443 3.32296802
v 0.60692184 -0.48546012 3.17476799
v 0.45700133 -0.63411938 3.19762828
v 0.69194347 -0.10496030 2.93978044
v 0.67512918 -0.30689099 3.04371336
v 0.36319240 -0.60634834 2.95499164
v 0.56568542 -0.48120076 3.04683937
v 0.41289730 -0.62676136 3.07115464
v 0.51792952 -0.56184788 3.11879564
v 0.10496030 -0.38755331 2.57831713
v 0.30689099 -0.30003085 2.59828410
v 0.17041829 -0.45700133 2.64698323
v 0.10532430 -0.28658303 2.52191063
v 0.62707443 -0.06486903 2.81514008
v 0.48546012 -0.18966906 2.67928031
v 0.63411938 -0.17041829 2.85731092
v 0.29739843 -0.56568542 2.82857409
v 0.37474388 -0.36319240 2.67996135
v 0.23680367 -0.51792952 2.73280565
v 0.41070035 -0.51726223 2.86395850
v 0.27692241 -0.41289730 2.65572089
v 0.10645688 -0.06579397 2.46169608
v 0.30894991 -0.19094154 2.55354380
v 0.10623398 -0.17609362 2.48192703
v 0.21126620 -0.24100710 2.52956803
v 0.60634834 -0.37474388 2.96870903
v 0.48120076 -0.29739843 2.72824856
v 0.62676136 -0.27692241 2.90968446
v 0.51726223 -0.45140337 2.91229333
v 0.56184788 -0.23680367 2.78495870
v 0.45140337 -0.41070035 2.78575110
v 0.10496030 0.38755331 2.57831713
v 0.30689099 0.30003085 2.59828410
v 0.17041829 0.45700133 2.64698323
v 0.10532430 0.28658303 2.52191063
v 0.62707443 0.06486903 2.81514008
v 0.48546012 0.18966906 2.67928031
v 0.63411938 0.17041829 2.85731092
v 0.56902539 0.00000000 2.73223832
v 0.29739843 0.56568542 2.82857409
v 0.37474388 0.36319240 2.67996135
v 0.23680367 0.51792952 2.73280565
v 0.41070035 0.51726223 2.86395850
v 0.27692241 0.41289730 2.65572089
v 0.10645688 0.06579397 2.46169608
v 0.30894991 0.19094154 2.55354380
v 0.10623398 0.17609362 2.48192703
v 0.21312376 0.00000000 2.48433180
v 0.21126620 0.24100710 2.52956803
v 0.60634834 0.37474388 2.96870903
v 0.48120076 0.29739843 2.72824856
v 0.62676136 0.27692241 2.90968446
v 0.51726223 0.45140337 2.91229333
v 0.56184788 0.23680367 2.78495870
v 0.45140337 0.41070035 2.78575110
v 0.41540679 -0.12514757 2.60183101
v 0.41540679 0.12514757 2.60183101
v 0.49619167 -0.06491348 2.65880585
v 0.31968564 -0.06585886 2.53266663
v 0.49619167 0.06491348 2.65880585
v 0.31968564 0.06585886 2.53266663
v 0.49251362 0.62707443 3.47703198
v 0.60692184 0.48546012 3.62523201
v 0.45700133 0.63411938 3.60237172
v 0.56232562 0.56902539 3.40000000
v 0.69194347 0.10496030 3.86021956
v 0.67512918 0.30689099 3.75628664
v 0.36319240 0.60634834 3.84500836
v 0.56568542 0.48120076 3.75316063
v 0.41289730 0.62676136 3.72884536
v 0.51792952 0.56184788 3.68120436
v 0.67214231 0.41540679 3.25138726
v 0.67214231 0.41540679 3.54861274
v 0.62416350 0.49619167 3.32291524
v 0.62416350 0.49619167 3.47708476
v 0.49251362 -0.62707443 3.47703198
v 0.60692184 -0.48546012 3.62523201
v 0.45700133 -0.63411938 3.60237172
v 0.56232562 -0.56902539 3.40000000
v 0.69194347 -0.10496030 3.86021956
v 0.67512918 -0.30689099 3.75628664
v 0.36319240 -0.60634834 3.84500836
v 0.56568542 -0.48120076 3.75316063
v 0.41289730 -0.62676136 3.72884536
v 0.51792952 -0.56184788 3.68120436
v 0.67214231 -0.41540679 3.25138726
v 0.67214231 -0.41540679 3.54861274
v 0.62416350 -0.49619167 3.32291524
v 0.62416350 -0.49619167 3.47708476
v 0.10496030 -0.38755331 4.22168287
v 0.30689099 -0.30003085 4.20171590
v 0.17041829 -0.45700133 4.15301677
v 0.10532430 -0.28658303 4.27808937
v 0.62707443 -0.06486903 3.98485992
v 0.48546012 -0.18966906 4.12071969
v 0.63411938 -0.17041829 3.94268908
v 0.29739843 -0.56568542 3.97142591
v 0.37474388 -0.36319240 4.12003865
v 0.23680367 -0.51792952 4.06719435
v 0.41070035 -0.51726223 3.93604150
v 0.27692241 -0.41289730 4.14427911
v 0.10645688 -0.06579397 4.33830392
v 0.30894991 -0.19094154 4.24645620
v 0.10623398 -0.17609362 4.31807297
v 0.21126620 -0.24100710 4.27043197
v 0.60634834 -0.37474388 3.83129097
v 0.48120076 -0.29739843 4.07175144
v 0.62676136 -0.27692241 3.89031554
v 0.51726223 -0.45140337 3.88770667
v 0.56184788 -0.23680367 4.01504130
v 0.45140337 -0.41070035 4.01424890
v 0.10496030 0.38755331 4.22168287
v 0.30689099 0.30003085 4.20171590
v 0.17041829 0.45700133 4.15301677
v 0.10532430 0.28658303 4.27808937
v 0.62707443 0.06486903 3.98485992
v 0.48546012 0.18966906 4.12071969
v 0.63411938 0.17041829 3.94268908
v 0.56902539 0.00000000 4.06776168
v 0.29739843 0.56568542 3.97142591
v 0.37474388 0.36319240 4.12003865
v 0.23680367 0.51792952 4.06719435
v 0.41070035 0.51726223 3.93604150
v 0.27692241 0.41289730 4.14427911
v 0.10645688 0.06579397 4.33830392
v 0.30894991 0.19094154 4.24645620
v 0.10623398 0.17609362 4.31807297
v 0.21312376 0.00000000 4.31566820
v 0.21126620 0.24100710 4.27043197
v 0.60634834 0.37474388 3.83129097
v 0.48120076 0.29739843 4.07175144
v 0.62676136 0.27692241 3.89031554
v 0.51726223 0.45140337 3.88770667
v 0.56184788 0.23680367 4.01504130
v 0.45140337 0.41070035 4.01424890
v 0.41540679 -0.12514757 4.19816899
v 0.41540679 0.12514757 4.19816899
v 0.49619167 -0.06491348 4.14119415
v 0.31968564 -0.06585886 4.26733337
v 0.49619167 0.06491348 4.14119415
v 0.31968564 0.06585886 4.26733337
v 0.73203474 0.00000000 3.01681242
v 0.79235111 0.00000000 3.26894537
v 0.73944368 0.10532430 3.05968265
v 0.73944368 -0.10532430 3.05968265
v 0.73203474 0.00000000 3.78318758
v 0.79235111 0.00000000 3.53105463
v 0.73944368 0.10532430 3.74031735
v 0.73944368 -0.10532430 3.74031735
v 0.71280522 0.30894991 3.17325692
v 0.79015067 0.10645688 3.32186966
v 0.73299534 0.21126620 3.11380406
v 0.73038599 0.31968564 3.32179260
v 0.77311408 0.10623398 3.19088882
v 0.71280522 -0.30894991 3.17325692
v 0.79015067 -0.10645688 3.32186966
v 0.73299534 -0.21126620 3.11380406
v 0.73038599 -0.31968564 3.32179260
v 0.77311408 -0.10623398 3.19088882
v 0.71280522 0.30894991 3.62674308
v 0.79015067 0.10645688 3.47813034
v 0.73299534 0.21126620 3.68619594
v 0.73038599 0.31968564 3.47820740
v 0.77311408 0.10623398 3.60911118
v 0.77108901 0.21312376 3.40000000
v 0.71280522 -0.30894991 3.62674308
v 0.79015067 -0.10645688 3.47813034
v 0.73299534 -0.21126620 3.68619594
v 0.73038599 -0.31968564 3.47820740
v 0.77311408 -0.10623398 3.60911118
v 0.77108901 -0.21312376 3.40000000
v -0.49251362 0.62707443 3.32296802
v -0.60692184 0.48546012 3.17476799
v -0.45700133 0.63411938 3.19762828
v -0.69194347 0.10496030 2.93978044
v -0.67512918 0.30689099 3.04371336
v -0.36319240 0.60634834 2.95499164
v -0.56568542 0.48120076 3.04683937
v -0.41289730 0.62676136 3.07115464
v -0.51792952 0.56184788 3.11879564
v -0.49251362 -0.62707443 3.32296802
v -0.60692184 -0.48546012 3.17476799
v -0.45700133 -0.63411938 3.19762828
v -0.69194347 -0.10496030 2.93978044
v -0.67512918 -0.30689099 3.04371336
v -0.36319240 -0.60634834 2.95499164
v -0.56568542 -0.48120076 3.04683937
v -0.41289730 -0.62676136 3.07115464
v -0.51792952 -0.56184788 3.11879564
v -0.10496030 -0.38755331 2.57831713
v -0.30689099 -0.30003085 2.59828410
v -0.17041829 -0.45700133 2.64698323
v -0.10532430 -0.28658303 2.52191063
v -0.62707443 -0.06486903 2.81514008
v -0.48546012 -0.18966906 2.67928031
v -0.63411938 -0.17041829 2.85731092
v -0.29739843 -0.56568542 2.82857409
v -0.37474388 -0.36319240 2.67996135
v -0.23680367 -0.51792952 2.73280565
v -0.41070035 -0.51726223 2.86395850
v -0.27692241 -0.41289730 2.65572089
v -0.10645688 -0.06579397 2.46169608
v -0.30894991 -0.19094154 2.55354380
v -0.10623398 -0.17609362 2.48192703
v -0.21126620 -0.24100710 2.52956803
v -0.60634834 -0.37474388 2.96870903
v -0.48120076 -0.29739843 2.72824856
v -0.62676136 -0.27692241 2.90968446
v -0.51726223 -0.45140337 2.91229333
v -0.56184788 -0.23680367 2.78495870
v -0.45140337 -0.41070035 2.78575110
v -0.10496030 0.38755331 2.57831713
v -0.30689099 0.30003085 2.59828410
v -0.17041829 0.45700133 2.64698323
v -0.10532430 0.28658303 2.52191063
v -0.62707443 0.06486903 2.81514008
v -0.48546012 0.18966906 2.67928031
v -0.63411938 0.17041829 2.85731092
v -0.56902539 0.00000000 2.73223832
v -0.29739843 0.56568542 2.82857409
v -0.37474388 0.36319240 2.67996135
v -0.23680367 0.51792952 2.73280565
v -0.41070035 0.51726223 2.86395850
v -0.27692241 0.41289730 2.65572089
v -0.10645688 0.06579397 2.46169608
v -0.30894991 0.19094154 2.55354380
v -0.10623398 0.17609362 2.48192703
v -0.21312376 0.00000000 2.48433180
v -0.21126620 0.24100710 2.52956803
v -0.60634834 0.37474388 2.96870903
v -0.48120076 0.29739843 2.72824856
v -0.62676136 0.27692241 2.90968446
v -0.51726223 0.45140337 2.91229333
v -0.56184788 0.23680367 2.78495870
v -0.45140337 0.41070035 2.78575110
v -0.41540679 -0.12514757 2.60183101
v -0.41540679 0.12514757 2.60183101
v -0.49619167 -0.06491348 2.65880585
v -0.31968564 -0.06585886 2.53266663
v -0.49619167 0.06491348 2.65880585
v -0.31968564 0.06585886 2.53266663
v -0.49251362 0.62707443 3.47703198
v -0.60692184 0.48546012 3.62523201
v -0.45700133 0.63411938 3.60237172
v -0.56232562 0.56902539 3.40000000
v -0.69194347 0.10496030 3.86021956
v -0.67512918 0.30689099 3.75628664
v -0.36319240 0.60634834 3.84500836
v -0.56568542 0.48120076 3.75316063
v -0.41289730 0.62676136 3.72884536
v -0.51792952 0.56184788 3.68120436
v -0.67214231 0.41540679 3.25138726
v -0.67214231 0.41540679 3.54861274
v -0.62416350 0.49619167 3.32291524
v -0.62416350 0.49619167 3.47708476
v -0.49251362 -0.62707443 3.47703198
v -0.60692184 -0.48546012 3.62523201
v -0.45700133 -0.63411938 3.60237172
v -0.56232562 -0.56902539 3.40000000
v -0.69194347 -0.10496030 3.86021956
v -0.67512918 -0.30689099 3.75628664
v -0.36319240 -0.60634834 3.84500836
v -0.56568542 -0.48120076 3.75316063
v -0.41289730 -0.62676136 3.72884536
v -0.51792952 -0.56184788 3.68120436
v -0.67214231 -0.41540679 3.25138726
v -0.67214231 -0.41540679 3.54861274
v -0.62416350 -0.49619167 3.32291524
v -0.62416350 -0.49619167 3.47708476
v -0.10496030 -0.38755331 4.22168287
v -0.30689099 -0.30003085 4.20171590
v -0.17041829 -0.45700133 4.15301677
v -0.10532430 -0.28658303 4.27808937
v -0.62707443 -0.06486903 3.98485992
v -0.48546012 -0.18966906 4.12071969
v -0.63411938 -0.17041829 3.94268908
v -0.29739843 -0.56568542 3.97142591
v -0.37474388 -0.36319240 4.12003865
v -0.23680367 -0.51792952 4.06719435
v -0.41070035 -0.51726223 3.93604150
v -0.27692241 -0.41289730 4.14427911
v -0.10645688 -0.06579397 4.33830392
v -0.30894991 -0.19094154 4.24645620
v -0.10623398 -0.17609362 4.31807297
v -0.21126620 -0.24100710 4.27043197
v -0.60634834 -0.37474388 3.83129097
v -0.48120076 -0.29739843 4.07175144
v -0.62676136 -0.27692241 3.89031554
v -0.51726223 -0.45140337 3.88770667
v -0.56184788 -0.23680367 4.01504130
v -0.45140337 -0.41070035 4.01424890
v -0.10496030 0.38755331 4.22168287
v -0.30689099 0.30003085 4.20171590
v -0.17041829 0.45700133 4.15301677
v -0.10532430 0.28658303 4.27808937
v -0.62707443 0.06486903 3.98485992
v -0.48546012 0.18966906 4.12071969
v -0.63411938 0.17041829 3.94268908
v -0.56902539 0.00000000 4.06776168
v -0.29739843 0.56568542 3.97142591
v -0.37474388 0.36319240 4.12003865
v -0.23680367 0.51792952 4.06719435
v -0.41070035 0.51726223 3.93604150
v -0.27692241 0.41289730 4.14427911
v -0.10645688 0.06579397 4.33830392
v -0.30894991 0.19094154 4.24645620
v -0.10623398 0.17609362 4.31807297
v -0.21312376 0.00000000 4.31566820
v -0.21126620 0.24100710 4.27043197
v -0.60634834 0.37474388 3.83129097
v -0.48120076 0.29739843 4.07175144
v -0.62676136 0.27692241 3.89031554
v -0.51726223 0.45140337 3.88770667
v -0.56184788 0.23680367 4.01504130
v -0.45140337 0.41070035 4.01424890
v -0.41540679 -0.12514757 4.19816899
v -0.41540679 0.12514757 4.19816899
v -0.49619167 -0.06491348 4.14119415
v -0.31968564 -0.06585886 4.26733337
v -0.49619167 0.06491348 4.14119415
v -0.31968564 0.06585886 4.26733337
v -0.73203474 0.00000000 3.01681242
v -0.79235111 0.00000000 3.26894537
v -0.73944368 0.10532430 3.05968265
v -0.73944368 -0.10532430 3.05968265
v -0.73203474 0.00000000 3.78318758
v -0.79235111 0.00000000 3.53105463
v -0.73944368 0.10532430 3.74031735
v -0.73944368 -0.10532430 3.74031735
v -0.71280522 0.30894991 3.17325692
v -0.79015067 0.10645688 3.32186966
v -0.73299534 0.21126620 3.11380406
v -0.73038599 0.31968564 3.32179260
v -0.77311408 0.10623398 3.19088882
v -0.71280522 -0.30894991 3.17325692
v -0.79015067 -0.10645688 3.32186966
v -0.73299534 -0.21126620 3.11380406
v -0.73038599 -0.31968564 3.32179260
v -0.77311408 -0.10623398 3.19088882
v -0.71280522 0.30894991 3.62674308
v -0.79015067 0.10645688 3.47813034
v -0.73299534 0.21126620 3.68619594
v -0.73038599 0.31968564 3.47820740
v -0.77311408 0.10623398 3.60911118
v -0.77108901 0.21312376 3.40000000
v -0.71280522 -0.30894991 3.62674308
v -0.79015067 -0.10645688 3.47813034
v -0.73299534 -0.21126620 3.68619594
v -0.73038599 -0.31968564 3.47820740
v -0.77311408 -0.10623398 3.60911118
v -0.77108901 -0.21312376 3.40000000
v 0.35000000 0.00000000 3.10000000
v 0.25880000 0.00000000 3.07340000
v 0.43380000 0.00000000 2.47340000
v 0.52500000 0.00000000 2.50000000
v 0.27621765 0.05583960 3.07848015
v 0.45121765 0.05583960 2.47848015
v 0.32181765 0.09035037 3.09178015
v 0.49681765 0.09035037 2.49178015
v 0.37818235 0.09035037 3.10821985
v 0.55318235 0.09035037 2.50821985
v 0.42378235 0.05583960 3.12151985
v 0.59878235 0.05583960 2.52151985
v 0.44120000 0.00000000 3.12660000
v 0.61620000 0.00000000 2.52660000
v 0.42378235 -0.05583960 3.12151985
v 0.59878235 -0.05583960 2.52151985
v 0.37818235 -0.09035037 3.10821985
v 0.55318235 -0.09035037 2.50821985
v 0.32181765 -0.09035037 3.09178015
v 0.49681765 -0.09035037 2.49178015
v 0.27621765 -0.05583960 3.07848015
v 0.45121765 -0.05583960 2.47848015
v 0.52500000 0.00000000 2.50000000
v 0.43064000 0.00000000 2.48899133
v 0.50064000 0.00000000 1.88899133
v 0.59500000 0.00000000 1.90000000
v 0.44866116 0.05583960 2.49109380
v 0.51866116 0.05583960 1.89109380
v 0.49584116 0.09035037 2.49659813
v 0.56584116 0.09035037 1.89659813
v 0.55415884 0.09035037 2.50340187
v 0.62415884 0.09035037 1.90340187
v 0.60133884 0.05583960 2.50890620
v 0.67133884 0.05583960 1.90890620
v 0.61936000 0.00000000 2.51100867
v 0.68936000 0.00000000 1.91100867
v 0.60133884 -0.05583960 2.50890620
v 0.67133884 -0.05583960 1.90890620
v 0.55415884 -0.09035037 2.50340187
v 0.62415884 -0.09035037 1.90340187
v 0.49584116 -0.09035037 2.49659813
v 0.56584116 -0.09035037 1.89659813
v 0.44866116 -0.05583960 2.49109380
v 0.51866116 -0.05583960 1.89109380
v 0.21822143 0.27364102 3.10000000
v 0.24083813 0.18287523 3.08341517
v 0.34994884 0.31969574 2.48341517
v 0.32733215 0.41046153 2.50000000
v 0.18316793 0.18914978 3.07435859
v 0.29227865 0.32597028 2.47435859
v 0.13888698 0.22769710 3.07509615
v 0.24799770 0.36451761 2.47509615
v 0.12490909 0.28379345 3.08534614
v 0.23401981 0.42061396 2.48534614
v 0.14657334 0.33601191 3.10119340
v 0.25568406 0.47283242 2.50119340
v 0.19560473 0.36440681 3.11658483
v 0.30471545 0.50122732 2.51658483
v 0.25327493 0.35813226 3.12564141
v 0.36238564 0.49495277 2.52564141
v 0.29755588 0.31958493 3.12490385
v 0.40666660 0.45640544 2.52490385
v 0.31153377 0.26348859 3.11465386
v 0.42064449 0.40030910 2.51465386
v 0.28986952 0.21127013 3.09880660
v 0.39898023 0.34809064 2.49880660
v 0.32733215 0.41046153 2.50000000
v 0.34872043 0.31815535 2.49313621
v 0.39236471 0.37288356 1.89313621
v 0.37097643 0.46518973 1.90000000
v 0.29037942 0.32358873 2.48938805
v 0.33402371 0.37831694 1.88938805
v 0.24615310 0.36220456 2.48969330
v 0.28979739 0.41693277 1.88969330
v 0.23293441 0.41925292 2.49393536
v 0.27657870 0.47398112 1.89393536
v 0.25577245 0.47294326 2.50049390
v 0.29941674 0.52767146 1.90049390
v 0.30594386 0.50276770 2.50686379
v 0.34958815 0.55749591 1.90686379
v 0.36428487 0.49733433 2.51061195
v 0.40792916 0.55206253 1.91061195
v 0.40851119 0.45871849 2.51030670
v 0.45215548 0.51344670 1.91030670
v 0.42172988 0.40167014 2.50606464
v 0.46537416 0.45639834 1.90606464
v 0.39889184 0.34797980 2.49950610
v 0.44253612 0.40270800 1.89950610
v -0.07788233 0.34122477 3.10000000
v 0.00789787 0.38161935 3.10591906
v -0.03104329 0.55223173 2.50591906
v -0.11682349 0.51183715 2.50000000
v 0.01525865 0.32571791 3.08954553
v -0.02368251 0.49633030 2.48954553
v -0.01295726 0.27573957 3.07716526
v -0.05189843 0.44635196 2.47716526
v -0.06597234 0.25077435 3.07350708
v -0.10491351 0.42138674 2.47350708
v -0.12353663 0.26035812 3.07996830
v -0.16247780 0.43097050 2.47996830
v -0.16366253 0.30083019 3.09408094
v -0.20260369 0.47144258 2.49408094
v -0.17102330 0.35673162 3.11045447
v -0.20996447 0.52734401 2.51045447
v -0.14280739 0.40670996 3.12283474
v -0.18174856 0.57732235 2.52283474
v -0.08979231 0.43167518 3.12649292
v -0.12873348 0.60228757 2.52649292
v -0.03222802 0.42209142 3.12003170
v -0.07116919 0.59270381 2.52003170
v -0.11682349 0.51183715 2.50000000
v -0.03119976 0.55291727 2.50244966
v -0.04677622 0.62116222 1.90244966
v -0.13239996 0.58008211 1.90000000
v -0.02340615 0.49511948 2.49567332
v -0.03898262 0.56336443 1.89567332
v -0.05129479 0.44370728 2.49054962
v -0.06687126 0.51195223 1.89054962
v -0.10421317 0.41831837 2.48903565
v -0.11978964 0.48656332 1.88903565
v -0.16194826 0.42865046 2.49170969
v -0.17752473 0.49689542 1.89170969
v -0.20244722 0.47075704 2.49755034
v -0.21802369 0.53900200 1.89755034
v -0.21024083 0.52855483 2.50432668
v -0.22581729 0.59679978 1.90432668
v -0.18235219 0.57996703 2.50945038
v -0.19792865 0.64821199 1.90945038
v -0.12943381 0.60535594 2.51096435
v -0.14501028 0.67360089 1.91096435
v -0.07169872 0.59502385 2.50829031
v -0.08727519 0.66326880 1.90829031
v -0.31533910 0.15185931 3.10000000
v -0.37148600 0.22464782 3.12396577
v -0.52915556 0.30057747 2.52396577
v -0.47300866 0.22778896 2.50000000
v -0.31797889 0.24598236 3.11260491
v -0.47564844 0.32191201 2.51260491
v -0.26346346 0.23136509 3.09642940
v -0.42113301 0.30729474 2.49642940
v -0.22876277 0.18637931 3.08161773
v -0.38643232 0.26230897 2.48161773
v -0.22713129 0.12820807 3.07382747
v -0.38480085 0.20413772 2.47382747
v -0.25919220 0.07907080 3.07603423
v -0.41686176 0.15500045 2.47603423
v -0.31269932 0.05773626 3.08739509
v -0.47036887 0.13366592 2.48739509
v -0.36721475 0.07235353 3.10357060
v -0.52488430 0.14828319 2.50357060
v -0.40191544 0.11733931 3.11838227
v -0.55958499 0.19326896 2.51838227
v -0.40354691 0.17551055 3.12617253
v -0.56121647 0.25144020 2.52617253
v -0.47300866 0.22778896 2.50000000
v -0.53172067 0.30181277 2.50991847
v -0.59478849 0.33218463 1.90991847
v -0.53607648 0.25816082 1.90000000
v -0.47699757 0.32256172 2.50521666
v -0.54006539 0.35293358 1.90521666
v -0.42075084 0.30711070 2.49852227
v -0.48381866 0.33748256 1.89852227
v -0.38446482 0.26136147 2.49239232
v -0.44753265 0.29173333 1.89239232
v -0.38199954 0.20278869 2.48916825
v -0.44506736 0.23316055 1.88916825
v -0.41429664 0.15376516 2.49008153
v -0.47736446 0.18413702 1.89008153
v -0.46901974 0.13301621 2.49478334
v -0.53208756 0.16338807 1.89478334
v -0.52526647 0.14846723 2.50147773
v -0.58833429 0.17883909 1.90147773
v -0.56155249 0.19421646 2.50760768
v -0.62462031 0.22458832 1.90760768
v -0.56401777 0.25278924 2.51083175
v -0.62708559 0.28316110 1.91083175
v -0.31533910 -0.15185931 3.10000000
v -0.37148600 -0.22464782 3.12396577
v -0.52915556 -0.30057747 2.52396577
v -0.47300866 -0.22778896 2.50000000
v -0.40354691 -0.17551055 3.12617253
v -0.56121647 -0.25144020 2.52617253
v -0.40191544 -0.11733931 3.11838227
v -0.55958499 -0.19326896 2.51838227
v -0.36721475 -0.07235353 3.10357060
v -0.52488430 -0.14828319 2.50357060
v -0.31269932 -0.05773626 3.08739509
v -0.47036887 -0.13366592 2.48739509
v -0.25919220 -0.07907080 3.07603423
v -0.41686176 -0.15500045 2.47603423
v -0.22713129 -0.12820807 3.07382747
v -0.38480085 -0.20413772 2.47382747
v -0.22876277 -0.18637931 3.08161773
v -0.38643232 -0.26230897 2.48161773
v -0.26346346 -0.23136509 3.09642940
v -0.42113301 -0.30729474 2.49642940
v -0.31797889 -0.24598236 3.11260491
v -0.47564844 -0.32191201 2.51260491
v -0.47300866 -0.22778896 2.50000000
v -0.53172067 -0.30181277 2.50991847
v -0.59478849 -0.33218463 1.90991847
v -0.53607648 -0.25816082 1.90000000
v -0.56401777 -0.25278924 2.51083175
v -0.62708559 -0.28316110 1.91083175
v -0.56155249 -0.19421646 2.50760768
v -0.62462031 -0.22458832 1.90760768
v -0.52526647 -0.14846723 2.50147773
v -0.58833429 -0.17883909 1.90147773
v -0.46901974 -0.13301621 2.49478334
v -0.53208756 -0.16338807 1.89478334
v -0.41429664 -0.15376516 2.49008153
v -0.47736446 -0.18413702 1.89008153
v -0.38199954 -0.20278869 2.48916825
v -0.44506736 -0.23316055 1.88916825
v -0.38446482 -0.26136147 2.49239232
v -0.44753265 -0.29173333 1.89239232
v -0.42075084 -0.30711070 2.49852227
v -0.48381866 -0.33748256 1.89852227
v -0.47699757 -0.32256172 2.50521666
v -0.54006539 -0.35293358 1.90521666
v -0.07788233 -0.34122477 3.10000000
v 0.00789787 -0.38161935 3.10591906
v -0.03104329 -0.55223173 2.50591906
v -0.11682349 -0.51183715 2.50000000
v -0.03222802 -0.42209142 3.12003170
v -0.07116919 -0.59270381 2.52003170
v -0.08979231 -0.43167518 3.12649292
v -0.12873348 -0.60228757 2.52649292
v -0.14280739 -0.40670996 3.12283474
v -0.18174856 -0.57732235 2.52283474
v -0.17102330 -0.35673162 3.11045447
v -0.20996447 -0.52734401 2.51045447
v -0.16366253 -0.30083019 3.09408094
v -0.20260369 -0.47144258 2.49408094
v -0.12353663 -0.26035812 3.07996830
v -0.16247780 -0.43097050 2.47996830
v -0.06597234 -0.25077435 3.07350708
v -0.10491351 -0.42138674 2.47350708
v -0.01295726 -0.27573957 3.07716526
v -0.05189843 -0.44635196 2.47716526
v 0.01525865 -0.32571791 3.08954553
v -0.02368251 -0.49633030 2.48954553
v -0.11682349 -0.51183715 2.50000000
v -0.03119976 -0.55291727 2.50244966
v -0.04677622 -0.62116222 1.90244966
v -0.13239996 -0.58008211 1.90000000
v -0.07169872 -0.59502385 2.50829031
v -0.08727519 -0.66326880 1.90829031
v -0.12943381 -0.60535594 2.51096435
v -0.14501028 -0.67360089 1.91096435
v -0.18235219 -0.57996703 2.50945038
v -0.19792865 -0.64821199 1.90945038
v -0.21024083 -0.52855483 2.50432668
v -0.22581729 -0.59679978 1.90432668
v -0.20244722 -0.47075704 2.49755034
v -0.21802369 -0.53900200 1.89755034
v -0.16194826 -0.42865046 2.49170969
v -0.17752473 -0.49689542 1.89170969
v -0.10421317 -0.41831837 2.48903565
v -0.11978964 -0.48656332 1.88903565
v -0.05129479 -0.44370728 2.49054962
v -0.06687126 -0.51195223 1.89054962
v -0.02340615 -0.49511948 2.49567332
v -0.03898262 -0.56336443 1.89567332
v 0.21822143 -0.27364102 3.10000000
v 0.24083813 -0.18287523 3.08341517
v 0.34994884 -0.31969574 2.48341517
v 0.32733215 -0.41046153 2.50000000
v 0.28986952 -0.21127013 3.09880660
v 0.39898023 -0.34809064 2.49880660
v 0.31153377 -0.26348859 3.11465386
v 0.42064449 -0.40030910 2.51465386
v 0.29755588 -0.31958493 3.12490385
v 0.40666660 -0.45640544 2.52490385
v 0.25327493 -0.35813226 3.12564141
v 0.36238564 -0.49495277 2.52564141
v 0.19560473 -0.36440681 3.11658483
v 0.30471545 -0.50122732 2.51658483
v 0.14657334 -0.33601191 3.10119340
v 0.25568406 -0.47283242 2.50119340
v 0.12490909 -0.28379345 3.08534614
v 0.23401981 -0.42061396 2.48534614
v 0.13888698 -0.22769710 3.07509615
v 0.24799770 -0.36451761 2.47509615
v 0.18316793 -0.18914978 3.07435859
v 0.29227865 -0.32597028 2.47435859
v 0.32733215 -0.41046153 2.50000000
v 0.34872043 -0.31815535 2.49313621
v 0.39236471 -0.37288356 1.89313621
v 0.37097643 -0.46518973 1.90000000
v 0.39889184 -0.34797980 2.49950610
v 0.44253612 -0.40270800 1.89950610
v 0.42172988 -0.40167014 2.50606464
v 0.46537416 -0.45639834 1.90606464
v 0.40851119 -0.45871849 2.51030670
v 0.45215548 -0.51344670 1.91030670
v 0.36428487 -0.49733433 2.51061195
v 0.40792916 -0.55206253 1.91061195
v 0.30594386 -0.50276770 2.50686379
v 0.34958815 -0.55749591 1.90686379
v 0.25577245 -0.47294326 2.50049390
v 0.29941674 -0.52767146 1.90049390
v 0.23293441 -0.41925292 2.49393536
v 0.27657870 -0.47398112 1.89393536
v 0.24615310 -0.36220456 2.48969330
v 0.28979739 -0.41693277 1.88969330
v 0.29037942 -0.32358873 2.48938805
v 0.33402371 -0.37831694 1.88938805
v -0.70000000 0.00000000 2.90000000
v -0.67323107 0.00313124 2.97532343
v -2.37323107 0.10313124 3.57532343
v -2.40000000 0.10000000 3.50000000
v -0.67525181 0.04261964 2.96301661
v -2.37525181 0.14261964 3.56301661
v -0.68390380 0.07068814 2.93382454
v -2.38390380 0.17068814 3.53382454
v -0.69686876 0.07981581 2.89556921
v -2.39686876 0.17981581 3.49556921
v -0.71067273 0.06755690 2.85850111
v -2.41067273 0.16755690 3.45850111
v -0.72161696 0.03719617 2.83255260
v -2.42161696 0.13719617 3.43255260
v -0.72676893 -0.00313124 2.82467657
v -2.42676893 0.09686876 3.42467657
v -0.72474819 -0.04261964 2.83698339
v -2.42474819 0.05738036 3.43698339
v -0.71609620 -0.07068814 2.86617546
v -2.41609620 0.02931186 3.46617546
v -0.70313124 -0.07981581 2.90443079
v -2.40313124 0.02018419 3.50443079
v -0.68932727 -0.06755690 2.94149889
v -2.38932727 0.03244310 3.54149889
v -0.67838304 -0.03719617 2.96744740
v -2.37838304 0.06280383 3.56744740
v -2.40000000 0.10000000 3.50000000
v -2.44800000 0.10000000 3.56400000
v -3.24800000 0.10000000 2.96400000
v -3.20000000 0.10000000 2.90000000
v -2.44156922 0.14000000 3.55542563
v -3.24156922 0.14000000 2.95542563
v -2.42400000 0.16928203 3.53200000
v -3.22400000 0.16928203 2.93200000
v -2.40000000 0.18000000 3.50000000
v -3.20000000 0.18000000 2.90000000
v -2.37600000 0.16928203 3.46800000
v -3.17600000 0.16928203 2.86800000
v -2.35843078 0.14000000 3.44457437
v -3.15843078 0.14000000 2.84457437
v -2.35200000 0.10000000 3.43600000
v -3.15200000 0.10000000 2.83600000
v -2.35843078 0.06000000 3.44457437
v -3.15843078 0.06000000 2.84457437
v -2.37600000 0.03071797 3.46800000
v -3.17600000 0.03071797 2.86800000
v -2.40000000 0.02000000 3.50000000
v -3.20000000 0.02000000 2.90000000
v -2.42400000 0.03071797 3.53200000
v -3.22400000 0.03071797 2.93200000
v -2.44156922 0.06000000 3.55542563
v -3.24156922 0.06000000 2.95542563
v -0.70000000 0.00000000 2.40000000
v -0.70773114 0.00438656 2.47950464
v -2.70773114 0.10438656 2.27950464
v -2.70000000 0.10000000 2.20000000
v -0.70450208 0.04368921 2.46686542
v -2.70450208 0.14368921 2.26686542
v -0.70006670 0.07128537 2.43630967
v -2.70006670 0.17128537 2.23630967
v -0.69561344 0.07978067 2.39602477
v -2.69561344 0.17978067 2.19602477
v -0.69233556 0.06689881 2.35680503
v -2.69233556 0.16689881 2.15680503
v -0.69111136 0.03609147 2.32915935
v -2.69111136 0.13609147 2.12915935
v -0.69226886 -0.00438656 2.32049536
v -2.69226886 0.09561344 2.12049536
v -0.69549792 -0.04368921 2.33313458
v -2.69549792 0.05631079 2.13313458
v -0.69993330 -0.07128537 2.36369033
v -2.69993330 0.02871463 2.16369033
v -0.70438656 -0.07978067 2.40397523
v -2.70438656 0.02021933 2.20397523
v -0.70766444 -0.06689881 2.44319497
v -2.70766444 0.03310119 2.24319497
v -0.70888864 -0.03609147 2.47084065
v -2.70888864 0.06390853 2.27084065
v -2.70000000 0.10000000 2.20000000
v -2.75206331 0.10000000 2.26074053
v -3.45206331 0.10000000 1.66074053
v -3.40000000 0.10000000 1.60000000
v -2.74508815 0.14000000 2.25260284
v -3.44508815 0.14000000 1.65260284
v -2.72603165 0.16928203 2.23037026
v -3.42603165 0.16928203 1.63037026
v -2.70000000 0.18000000 2.20000000
v -3.40000000 0.18000000 1.60000000
v -2.67396835 0.16928203 2.16962974
v -3.37396835 0.16928203 1.56962974
v -2.65491185 0.14000000 2.14739716
v -3.35491185 0.14000000 1.54739716
v -2.64793669 0.10000000 2.13925947
v -3.34793669 0.10000000 1.53925947
v -2.65491185 0.06000000 2.14739716
v -3.35491185 0.06000000 1.54739716
v -2.67396835 0.03071797 2.16962974
v -3.37396835 0.03071797 1.56962974
v -2.70000000 0.02000000 2.20000000
v -3.40000000 0.02000000 1.60000000
v -2.72603165 0.03071797 2.23037026
v -3.42603165 0.03071797 1.63037026
v -2.74508815 0.06000000 2.25260284
v -3.44508815 0.06000000 1.65260284
v 0.70000000 0.00000000 2.90000000
v 0.72676893 -0.00313124 2.82467657
v 2.42676893 0.09686876 3.42467657
v 2.40000000 0.10000000 3.50000000
v 0.72161696 0.03719617 2.83255260
v 2.42161696 0.13719617 3.43255260
v 0.71067273 0.06755690 2.85850111
v 2.41067273 0.16755690 3.45850111
v 0.69686876 0.07981581 2.89556921
v 2.39686876 0.17981581 3.49556921
v 0.68390380 0.07068814 2.93382454
v 2.38390380 0.17068814 3.53382454
v 0.67525181 0.04261964 2.96301661
v 2.37525181 0.14261964 3.56301661
v 0.67323107 0.00313124 2.97532343
v 2.37323107 0.10313124 3.57532343
v 0.67838304 -0.03719617 2.96744740
v 2.37838304 0.06280383 3.56744740
v 0.68932727 -0.06755690 2.94149889
v 2.38932727 0.03244310 3.54149889
v 0.70313124 -0.07981581 2.90443079
v 2.40313124 0.02018419 3.50443079
v 0.71609620 -0.07068814 2.86617546
v 2.41609620 0.02931186 3.46617546
v 0.72474819 -0.04261964 2.83698339
v 2.42474819 0.05738036 3.43698339
v 2.40000000 0.10000000 3.50000000
v 2.35200000 0.10000000 3.43600000
v 3.15200000 0.10000000 2.83600000
v 3.20000000 0.10000000 2.90000000
v 2.35843078 0.14000000 3.44457437
v 3.15843078 0.14000000 2.84457437
v 2.37600000 0.16928203 3.46800000
v 3.17600000 0.16928203 2.86800000
v 2.40000000 0.18000000 3.50000000
v 3.20000000 0.18000000 2.90000000
v 2.42400000 0.16928203 3.53200000
v 3.22400000 0.16928203 2.93200000
v 2.44156922 0.14000000 3.55542563
v 3.24156922 0.14000000 2.95542563
v 2.44800000 0.10000000 3.56400000
v 3.24800000 0.10000000 2.96400000
v 2.44156922 0.06000000 3.55542563
v 3.24156922 0.06000000 2.95542563
v 2.42400000 0.03071797 3.53200000
v 3.22400000 0.03071797 2.93200000
v 2.40000000 0.02000000 3.50000000
v 3.20000000 0.02000000 2.90000000
v 2.37600000 0.03071797 3.46800000
v 3.17600000 0.03071797 2.86800000
v 2.35843078 0.06000000 3.44457437
v 3.15843078 0.06000000 2.84457437
v 0.70000000 0.00000000 2.40000000
v 0.69226886 -0.00438656 2.32049536
v 2.69226886 0.09561344 2.12049536
v 2.70000000 0.10000000 2.20000000
v 0.69111136 0.03609147 2.32915935
v 2.69111136 0.13609147 2.12915935
v 0.69233556 0.06689881 2.35680503
v 2.69233556 0.16689881 2.15680503
v 0.69561344 0.07978067 2.39602477
v 2.69561344 0.17978067 2.19602477
v 0.70006670 0.07128537 2.43630967
v 2.70006670 0.17128537 2.23630967
v 0.70450208 0.04368921 2.46686542
v 2.70450208 0.14368921 2.26686542
v 0.70773114 0.00438656 2.47950464
v 2.70773114 0.10438656 2.27950464
v 0.70888864 -0.03609147 2.47084065
v 2.70888864 0.06390853 2.27084065
v 0.70766444 -0.06689881 2.44319497
v 2.70766444 0.03310119 2.24319497
v 0.70438656 -0.07978067 2.40397523
v 2.70438656 0.02021933 2.20397523
v 0.69993330 -0.07128537 2.36369033
v 2.69993330 0.02871463 2.16369033
v 0.69549792 -0.04368921 2.33313458
v 2.69549792 0.05631079 2.13313458
v 2.70000000 0.10000000 2.20000000
v 2.64793669 0.10000000 2.13925947
v 3.34793669 0.10000000 1.53925947
v 3.40000000 0.10000000 1.60000000
v 2.65491185 0.14000000 2.14739716
v 3.35491185 0.14000000 1.54739716
v 2.67396835 0.16928203 2.16962974
v 3.37396835 0.16928203 1.56962974
v 2.70000000 0.18000000 2.20000000
v 3.40000000 0.18000000 1.60000000
v 2.72603165 0.16928203 2.23037026
v 3.42603165 0.16928203 1.63037026
v 2.74508815 0.14000000 2.25260284
v 3.44508815 0.14000000 1.65260284
v 2.75206331 0.10000000 2.26074053
v 3.45206331 0.10000000 1.66074053
v 2.74508815 0.06000000 2.25260284
v 3.44508815 0.06000000 1.65260284
v 2.72603165 0.03071797 2.23037026
v 3.42603165 0.03071797 1.63037026
v 2.70000000 0.02000000 2.20000000
v 3.40000000 0.02000000 1.60000000
v 2.67396835 0.03071797 2.16962974
v 3.37396835 0.03071797 1.56962974
v 2.65491185 0.06000000 2.14739716
v 3.35491185 0.06000000 1.54739716
f 2 1 5
f 2 5 3
f 3 5 6
f 3 6 4
f 5 1 7
f 5 7 6
f 6 7 8
f 6 8 4
f 7 1 9
f 7 9 8
f 8 9 10
f 8 10 4
f 9 1 11
f 9 11 10
f 10 11 12
f 10 12 4
f 11 1 13
f 11 13 12
f 12 13 14
f 12 14 4
f 13 1 15
f 13 15 14
f 14 15 16
f 14 16 4
f 15 1 17
f 15 17 16
f 16 17 18
f 16 18 4
f 17 1 19
f 17 19 18
f 18 19 20
f 18 20 4
f 19 1 21
f 19 21 20
f 20 21 22
f 20 22 4
f 21 1 23
f 21 23 22
f 22 23 24
f 22 24 4
f 23 1 25
f 23 25 24
f 24 25 26
f 24 26 4
f 25 1 27
f 25 27 26
f 26 27 28
f 26 28 4
f 27 1 29
f 27 29 28
f 28 29 30
f 28 30 4
f 29 1 31
f 29 31 30
f 30 31 32
f 30 32 4
f 31 1 33
f 31 33 32
f 32 33 34
f 32 34 4
f 33 1 35
f 33 35 34
f 34 35 36
f 34 36 4
f 35 1 37
f 35 37 36
f 36 37 38
f 36 38 4
f 37 1 39
f 37 39 38
f 38 39 40
f 38 40 4
f 39 1 41
f 39 41 40
f 40 41 42
f 40 42 4
f 41 1 43
f 41 43 42
f 42 43 44
f 42 44 4
f 43 1 45
f 43 45 44
f 44 45 46
f 44 46 4
f 45 1 47
f 45 47 46
f 46 47 48
f 46 48 4
f 47 1 49
f 47 49 48
f 48 49 50
f 48 50 4
f 49 1 51
f 49 51 50
f 50 51 52
f 50 52 4
f 51 1 53
f 51 53 52
f 52 53 54
f 52 54 4
f 53 1 55
f 53 55 54
f 54 55 56
f 54 56 4
f 55 1 57
f 55 57 56
f 56 57 58
f 56 58 4
f 57 1 59
f 57 59 58
f 58 59 60
f 58 60 4
f 59 1 61
f 59 61 60
f 60 61 62
f 60 62 4
f 61 1 63
f 61 63 62
f 62 63 64
f 62 64 4
f 63 1 65
f 63 65 64
f 64 65 66
f 64 66 4
f 65 1 2
f 65 2 66
f 66 2 3
f 66 3 4
f 68 67 71
f 68 71 69
f 69 71 72
f 69 72 70
f 71 67 73
f 71 73 72
f 72 73 74
f 72 74 70
f 73 67 75
f 73 75 74
f 74 75 76
f 74 76 70
f 75 67 77
f 75 77 76
f 76 77 78
f 76 78 70
f 77 67 79
f 77 79 78
f 78 79 80
f 78 80 70
f 79 67 81
f 79 81 80
f 80 81 82
f 80 82 70
f 81 67 83
f 81 83 82
f 82 83 84
f 82 84 70
f 83 67 85
f 83 85 84
f 84 85 86
f 84 86 70
f 85 67 87
f 85 87 86
f 86 87 88
f 86 88 70
f 87 67 89
f 87 89 88
f 88 89 90
f 88 90 70
f 89 67 91
f 89 91 90
f 90 91 92
f 90 92 70
f 91 67 93
f 91 93 92
f 92 93 94
f 92 94 70
f 93 67 95
f 93 95 94
f 94 95 96
f 94 96 70
f 95 67 97
f 95 97 96
f 96 97 98
f 96 98 70
f 97 67 99
f 97 99 98
f 98 99 100
f 98 100 70
f 99 67 68
f 99 68 100
f 100 68 69
f 100 69 70
f 102 101 105
f 102 105 103
f 103 105 106
f 103 106 104
f 105 101 107
f 105 107 106
f 106 107 108
f 106 108 104
f 107 101 109
f 107 109 108
f 108 109 110
f 108 110 104
f 109 101 111
f 109 111 110
f 110 111 112
f 110 112 104
f 111 101 113
f 111 113 112
f 112 113 114
f 112 114 104
f 113 101 115
f 113 115 114
f 114 115 116
f 114 116 104
f 115 101 117
f 115 117 116
f 116 117 118
f 116 118 104
f 117 101 119
f 117 119 118
f 118 119 120
f 118 120 104
f 119 101 121
f 119 121 120
f 120 121 122
f 120 122 104
f 121 101 123
f 121 123 122
f 122 123 124
f 122 124 104
f 123 101 125
f 123 125 124
f 124 125 126
f 124 126 104
f 125 101 127
f 125 127 126
f 126 127 128
f 126 128 104
f 127 101 129
f 127 129 128
f 128 129 130
f 128 130 104
f 129 101 131
f 129 131 130
f 130 131 132
f 130 132 104
f 131 101 133
f 131 133 132
f 132 133 134
f 132 134 104
f 133 101 102
f 133 102 134
f 134 102 103
f 134 103 104
f 135 667 331
f 667 272 669
f 331 669 188
f 667 669 331
f 272 668 676
f 668 172 674
f 676 674 274
f 668 674 676
f 188 675 332
f 675 274 673
f 332 673 151
f 675 673 332
f 272 676 669
f 676 274 675
f 669 675 188
f 676 675 669
f 172 672 735
f 672 273 737
f 735 737 289
f 672 737 735
f 273 671 723
f 671 146 721
f 723 721 286
f 671 721 723
f 289 739 736
f 739 286 722
f 736 722 175
f 739 722 736
f 273 723 737
f 723 286 739
f 737 739 289
f 723 739 737
f 151 725 335
f 725 287 727
f 335 727 189
f 725 727 335
f 287 726 729
f 726 175 718
f 729 718 285
f 726 718 729
f 189 719 334
f 719 285 717
f 334 717 140
f 719 717 334
f 287 729 727
f 729 285 719
f 727 719 189
f 729 719 727
f 172 735 674
f 735 289 738
f 674 738 274
f 735 738 674
f 289 736 740
f 736 175 726
f 740 726 287
f 736 726 740
f 274 728 673
f 728 287 725
f 673 725 151
f 728 725 673
f 289 740 738
f 740 287 728
f 738 728 274
f 740 728 738
f 135 331 297
f 331 188 333
f 297 333 177
f 331 333 297
f 188 332 339
f 332 151 337
f 339 337 190
f 332 337 339
f 177 338 298
f 338 190 336
f 298 336 147
f 338 336 298
f 188 339 333
f 339 190 338
f 333 338 177
f 339 338 333
f 151 335 351
f 335 189 353
f 351 353 194
f 335 353 351
f 189 334 345
f 334 140 343
f 345 343 192
f 334 343 345
f 194 355 352
f 355 192 344
f 352 344 152
f 355 344 352
f 189 345 353
f 345 192 355
f 353 355 194
f 345 355 353
f 147 346 300
f 346 193 348
f 300 348 178
f 346 348 300
f 193 347 350
f 347 152 341
f 350 341 191
f 347 341 350
f 178 342 299
f 342 191 340
f 299 340 136
f 342 340 299
f 193 350 348
f 350 191 342
f 348 342 178
f 350 342 348
f 151 351 337
f 351 194 354
f 337 354 190
f 351 354 337
f 194 352 356
f 352 152 347
f 356 347 193
f 352 347 356
f 190 349 336
f 349 193 346
f 336 346 147
f 349 346 336
f 194 356 354
f 356 193 349
f 354 349 190
f 356 349 354
f 135 297 387
f 297 177 389
f 387 389 204
f 297 389 387
f 177 298 394
f 298 147 392
f 394 392 206
f 298 392 394
f 204 395 388
f 395 206 393
f 388 393 156
f 395 393 388
f 177 394 389
f 394 206 395
f 389 395 204
f 394 395 389
f 147 300 402
f 300 178 404
f 402 404 209
f 300 404 402
f 178 299 398
f 299 136 396
f 398 396 207
f 299 396 398
f 209 406 403
f 406 207 397
f 403 397 157
f 406 397 403
f 178 398 404
f 398 207 406
f 404 406 209
f 398 406 404
f 156 407 391
f 407 210 409
f 391 409 205
f 407 409 391
f 210 408 411
f 408 157 400
f 411 400 208
f 408 400 411
f 205 401 390
f 401 208 399
f 390 399 142
f 401 399 390
f 210 411 409
f 411 208 401
f 409 401 205
f 411 401 409
f 147 402 392
f 402 209 405
f 392 405 206
f 402 405 392
f 209 403 412
f 403 157 408
f 412 408 210
f 403 408 412
f 206 410 393
f 410 210 407
f 393 407 156
f 410 407 393
f 209 412 405
f 412 210 410
f 405 410 206
f 412 410 405
f 135 387 597
f 387 204 599
f 597 599 255
f 387 599 597
f 204 388 604
f 388 156 602
f 604 602 257
f 388 602 604
f 255 605 598
f 605 257 603
f 598 603 168
f 605 603 598
f 204 604 599
f 604 257 605
f 599 605 255
f 604 605 599
f 156 391 645
f 391 205 647
f 645 647 268
f 391 647 645
f 205 390 639
f 390 142 637
f 639 637 266
f 390 637 639
f 268 649 646
f 649 266 638
f 646 638 171
f 649 638 646
f 205 639 647
f 639 266 649
f 647 649 268
f 639 649 647
f 168 655 601
f 655 270 657
f 601 657 256
f 655 657 601
f 270 656 659
f 656 171 642
f 659 642 267
f 656 642 659
f 256 643 600
f 643 267 641
f 600 641 145
f 643 641 600
f 270 659 657
f 659 267 643
f 657 643 256
f 659 643 657
f 156 645 602
f 645 268 648
f 602 648 257
f 645 648 602
f 268 646 660
f 646 171 656
f 660 656 270
f 646 656 660
f 257 658 603
f 658 270 655
f 603 655 168
f 658 655 603
f 268 660 648
f 660 270 658
f 648 658 257
f 660 658 648
f 135 597 667
f 597 255 670
f 667 670 272
f 597 670 667
f 255 598 679
f 598 168 677
f 679 677 275
f 598 677 679
f 272 680 668
f 680 275 678
f 668 678 172
f 680 678 668
f 255 679 670
f 679 275 680
f 670 680 272
f 679 680 670
f 168 601 755
f 601 256 757
f 755 757 293
f 601 757 755
f 256 600 749
f 600 145 747
f 749 747 291
f 600 747 749
f 293 759 756
f 759 291 748
f 756 748 176
f 759 748 756
f 256 749 757
f 749 291 759
f 757 759 293
f 749 759 757
f 172 765 672
f 765 295 767
f 672 767 273
f 765 767 672
f 295 766 769
f 766 176 752
f 769 752 292
f 766 752 769
f 273 753 671
f 753 292 751
f 671 751 146
f 753 751 671
f 295 769 767
f 769 292 753
f 767 753 273
f 769 753 767
f 168 755 677
f 755 293 758
f 677 758 275
f 755 758 677
f 293 756 770
f 756 176 766
f 770 766 295
f 756 766 770
f 275 768 678
f 768 295 765
f 678 765 172
f 768 765 678
f 293 770 758
f 770 295 768
f 758 768 275
f 770 768 758
f 136 340 487
f 340 191 489
f 487 489 230
f 340 489 487
f 191 341 495
f 341 152 493
f 495 493 232
f 341 493 495
f 230 496 488
f 496 232 494
f 488 494 163
f 496 494 488
f 191 495 489
f 495 232 496
f 489 496 230
f 495 496 489
f 152 344 545
f 344 192 547
f 545 547 245
f 344 547 545
f 192 343 539
f 343 140 537
f 539 537 243
f 343 537 539
f 245 549 546
f 549 243 538
f 546 538 166
f 549 538 546
f 192 539 547
f 539 243 549
f 547 549 245
f 539 549 547
f 163 555 492
f 555 247 557
f 492 557 231
f 555 557 492
f 247 556 559
f 556 166 542
f 559 542 244
f 556 542 559
f 231 543 491
f 543 244 541
f 491 541 144
f 543 541 491
f 247 559 557
f 559 244 543
f 557 543 231
f 559 543 557
f 152 545 493
f 545 245 548
f 493 548 232
f 545 548 493
f 245 546 560
f 546 166 556
f 560 556 247
f 546 556 560
f 232 558 494
f 558 247 555
f 494 555 163
f 558 555 494
f 245 560 548
f 560 247 558
f 548 558 232
f 560 558 548
f 140 717 359
f 717 285 720
f 359 720 196
f 717 720 359
f 285 718 734
f 718 175 731
f 734 731 288
f 718 731 734
f 196 732 360
f 732 288 730
f 360 730 153
f 732 730 360
f 285 734 720
f 734 288 732
f 720 732 196
f 734 732 720
f 175 722 742
f 722 286 745
f 742 745 290
f 722 745 742
f 286 721 724
f 721 146 699
f 724 699 281
f 721 699 724
f 290 743 741
f 743 281 700
f 741 700 174
f 743 700 741
f 286 724 745
f 724 281 743
f 745 743 290
f 724 743 745
f 153 707 358
f 707 283 709
f 358 709 195
f 707 709 358
f 283 708 710
f 708 174 696
f 710 696 280
f 708 696 710
f 195 698 357
f 698 280 695
f 357 695 139
f 698 695 357
f 283 710 709
f 710 280 698
f 709 698 195
f 710 698 709
f 175 742 731
f 742 290 746
f 731 746 288
f 742 746 731
f 290 741 744
f 741 174 708
f 744 708 283
f 741 708 744
f 288 733 730
f 733 283 707
f 730 707 153
f 733 707 730
f 290 744 746
f 744 283 733
f 746 733 288
f 744 733 746
f 146 751 685
f 751 292 754
f 685 754 277
f 751 754 685
f 292 752 775
f 752 176 772
f 775 772 296
f 752 772 775
f 277 773 686
f 773 296 771
f 686 771 173
f 773 771 686
f 292 775 754
f 775 296 773
f 754 773 277
f 775 773 754
f 176 748 761
f 748 291 764
f 761 764 294
f 748 764 761
f 291 747 750
f 747 145 609
f 750 609 259
f 747 609 750
f 294 762 760
f 762 259 610
f 760 610 169
f 762 610 760
f 291 750 764
f 750 259 762
f 764 762 294
f 750 762 764
f 173 692 682
f 692 279 694
f 682 694 276
f 692 694 682
f 279 691 693
f 691 169 607
f 693 607 258
f 691 607 693
f 276 684 681
f 684 258 606
f 681 606 137
f 684 606 681
f 279 693 694
f 693 258 684
f 694 684 276
f 693 684 694
f 176 761 772
f 761 294 776
f 772 776 296
f 761 776 772
f 294 760 763
f 760 169 691
f 763 691 279
f 760 691 763
f 296 774 771
f 774 279 692
f 771 692 173
f 774 692 771
f 294 763 776
f 763 279 774
f 776 774 296
f 763 774 776
f 145 641 619
f 641 267 644
f 619 644 262
f 641 644 619
f 267 642 665
f 642 171 662
f 665 662 271
f 642 662 665
f 262 663 620
f 663 271 661
f 620 661 170
f 663 661 620
f 267 665 644
f 665 271 663
f 644 663 262
f 665 663 644
f 171 638 651
f 638 266 654
f 651 654 269
f 638 654 651
f 266 637 640
f 637 142 415
f 640 415 212
f 637 415 640
f 269 652 650
f 652 212 416
f 650 416 158
f 652 416 650
f 266 640 654
f 640 212 652
f 654 652 269
f 640 652 654
f 170 628 616
f 628 264 630
f 616 630 261
f 628 630 616
f 264 627 629
f 627 158 414
f 629 414 211
f 627 414 629
f 261 618 615
f 618 211 413
f 615 413 141
f 618 413 615
f 264 629 630
f 629 211 618
f 630 618 261
f 629 618 630
f 171 651 662
f 651 269 666
f 662 666 271
f 651 666 662
f 269 650 653
f 650 158 627
f 653 627 264
f 650 627 653
f 271 664 661
f 664 264 628
f 661 628 170
f 664 628 661
f 269 653 666
f 653 264 664
f 666 664 271
f 653 664 666
f 142 399 457
f 399 208 459
f 457 459 224
f 399 459 457
f 208 400 467
f 400 157 465
f 467 465 226
f 400 465 467
f 224 469 458
f 469 226 466
f 458 466 162
f 469 466 458
f 208 467 459
f 467 226 469
f 459 469 224
f 467 469 459
f 157 397 422
f 397 207 424
f 422 424 215
f 397 424 422
f 207 396 419
f 396 136 417
f 419 417 213
f 396 417 419
f 215 425 423
f 425 213 418
f 423 418 159
f 425 418 423
f 207 419 424
f 419 213 425
f 424 425 215
f 419 425 424
f 162 476 462
f 476 228 479
f 462 479 225
f 476 479 462
f 228 475 477
f 475 159 421
f 477 421 214
f 475 421 477
f 225 463 461
f 463 214 420
f 461 420 143
f 463 420 461
f 228 477 479
f 477 214 463
f 479 463 225
f 477 463 479
f 157 422 465
f 422 215 468
f 465 468 226
f 422 468 465
f 215 423 478
f 423 159 475
f 478 475 228
f 423 475 478
f 226 480 466
f 480 228 476
f 466 476 162
f 480 476 466
f 215 478 468
f 478 228 480
f 468 480 226
f 478 480 468
f 138 501 314
f 501 234 503
f 314 503 184
f 501 503 314
f 234 502 510
f 502 164 508
f 510 508 236
f 502 508 510
f 184 509 315
f 509 236 507
f 315 507 150
f 509 507 315
f 234 510 503
f 510 236 509
f 503 509 184
f 510 509 503
f 164 506 531
f 506 235 533
f 531 533 242
f 506 533 531
f 235 505 521
f 505 144 519
f 521 519 239
f 505 519 521
f 242 535 532
f 535 239 520
f 532 520 165
f 535 520 532
f 235 521 533
f 521 239 535
f 533 535 242
f 521 535 533
f 150 522 318
f 522 240 524
f 318 524 185
f 522 524 318
f 240 523 526
f 523 165 516
f 526 516 238
f 523 516 526
f 185 517 317
f 517 238 515
f 317 515 139
f 517 515 317
f 240 526 524
f 526 238 517
f 524 517 185
f 526 517 524
f 164 531 508
f 531 242 534
f 508 534 236
f 531 534 508
f 242 532 536
f 532 165 523
f 536 523 240
f 532 523 536
f 236 525 507
f 525 240 522
f 507 522 150
f 525 522 507
f 242 536 534
f 536 240 525
f 534 525 236
f 536 525 534
f 138 314 303
f 314 184 316
f 303 316 180
f 314 316 303
f 184 315 324
f 315 150 321
f 324 321 186
f 315 321 324
f 180 322 304
f 322 186 320
f 304 320 148
f 322 320 304
f 184 324 316
f 324 186 322
f 316 322 180
f 324 322 316
f 150 318 326
f 318 185 329
f 326 329 187
f 318 329 326
f 185 317 319
f 317 139 308
f 319 308 182
f 317 308 319
f 187 327 325
f 327 182 309
f 325 309 149
f 327 309 325
f 185 319 329
f 319 182 327
f 329 327 187
f 319 327 329
f 148 310 302
f 310 183 312
f 302 312 179
f 310 312 302
f 183 311 313
f 311 149 306
f 313 306 181
f 311 306 313
f 179 307 301
f 307 181 305
f 301 305 137
f 307 305 301
f 183 313 312
f 313 181 307
f 312 307 179
f 313 307 312
f 150 326 321
f 326 187 330
f 321 330 186
f 326 330 321
f 187 325 328
f 325 149 311
f 328 311 183
f 325 311 328
f 186 323 320
f 323 183 310
f 320 310 148
f 323 310 320
f 187 328 330
f 328 183 323
f 330 323 186
f 328 323 330
f 138 303 370
f 303 180 372
f 370 372 200
f 303 372 370
f 180 304 378
f 304 148 376
f 378 376 202
f 304 376 378
f 200 380 371
f 380 202 377
f 371 377 155
f 380 377 371
f 180 378 372
f 378 202 380
f 372 380 200
f 378 380 372
f 148 302 366
f 302 179 368
f 366 368 199
f 302 368 366
f 179 301 363
f 301 137 361
f 363 361 197
f 301 361 363
f 199 369 367
f 369 197 362
f 367 362 154
f 369 362 367
f 179 363 368
f 363 197 369
f 368 369 199
f 363 369 368
f 155 382 374
f 382 203 385
f 374 385 201
f 382 385 374
f 203 381 383
f 381 154 365
f 383 365 198
f 381 365 383
f 201 375 373
f 375 198 364
f 373 364 141
f 375 364 373
f 203 383 385
f 383 198 375
f 385 375 201
f 383 375 385
f 148 366 376
f 366 199 379
f 376 379 202
f 366 379 376
f 199 367 384
f 367 154 381
f 384 381 203
f 367 381 384
f 202 386 377
f 386 203 382
f 377 382 155
f 386 382 377
f 199 384 379
f 384 203 386
f 379 386 202
f 384 386 379
f 138 370 426
f 370 200 428
f 426 428 216
f 370 428 426
f 200 371 433
f 371 155 431
f 433 431 218
f 371 431 433
f 216 434 427
f 434 218 432
f 427 432 160
f 434 432 427
f 200 433 428
f 433 218 434
f 428 434 216
f 433 434 428
f 155 374 442
f 374 201 444
f 442 444 221
f 374 444 442
f 201 373 437
f 373 141 435
f 437 435 219
f 373 435 437
f 221 446 443
f 446 219 436
f 443 436 161
f 446 436 443
f 201 437 444
f 437 219 446
f 444 446 221
f 437 446 444
f 160 451 430
f 451 223 453
f 430 453 217
f 451 453 430
f 223 452 455
f 452 161 440
f 455 440 220
f 452 440 455
f 217 441 429
f 441 220 439
f 429 439 143
f 441 439 429
f 223 455 453
f 455 220 441
f 453 441 217
f 455 441 453
f 155 442 431
f 442 221 445
f 431 445 218
f 442 445 431
f 221 443 456
f 443 161 452
f 456 452 223
f 443 452 456
f 218 454 432
f 454 223 451
f 432 451 160
f 454 451 432
f 221 456 445
f 456 223 454
f 445 454 218
f 456 454 445
f 138 426 501
f 426 216 504
f 501 504 234
f 426 504 501
f 216 427 513
f 427 160 511
f 513 511 237
f 427 511 513
f 234 514 502
f 514 237 512
f 502 512 164
f 514 512 502
f 216 513 504
f 513 237 514
f 504 514 234
f 513 514 504
f 160 430 580
f 430 217 582
f 580 582 252
f 430 582 580
f 217 429 570
f 429 143 567
f 570 567 249
f 429 567 570
f 252 584 581
f 584 249 568
f 581 568 167
f 584 568 581
f 217 570 582
f 570 249 584
f 582 584 252
f 570 584 582
f 164 591 506
f 591 254 593
f 506 593 235
f 591 593 506
f 254 592 595
f 592 167 572
f 595 572 250
f 592 572 595
f 235 574 505
f 574 250 571
f 505 571 144
f 574 571 505
f 254 595 593
f 595 250 574
f 593 574 235
f 595 574 593
f 160 580 511
f 580 252 583
f 511 583 237
f 580 583 511
f 252 581 596
f 581 167 592
f 596 592 254
f 581 592 596
f 237 594 512
f 594 254 591
f 512 591 164
f 594 591 512
f 252 596 583
f 596 254 594
f 583 594 237
f 596 594 583
f 139 515 357
f 515 238 518
f 357 518 195
f 515 518 357
f 238 516 530
f 516 165 528
f 530 528 241
f 516 528 530
f 195 529 358
f 529 241 527
f 358 527 153
f 529 527 358
f 238 530 518
f 530 241 529
f 518 529 195
f 530 529 518
f 165 520 561
f 520 239 563
f 561 563 248
f 520 563 561
f 239 519 544
f 519 144 541
f 544 541 244
f 519 541 544
f 248 565 562
f 565 244 542
f 562 542 166
f 565 542 562
f 239 544 563
f 544 244 565
f 563 565 248
f 544 565 563
f 153 550 360
f 550 246 552
f 360 552 196
f 550 552 360
f 246 551 554
f 551 166 538
f 554 538 243
f 551 538 554
f 196 540 359
f 540 243 537
f 359 537 140
f 540 537 359
f 246 554 552
f 554 243 540
f 552 540 196
f 554 540 552
f 165 561 528
f 561 248 564
f 528 564 241
f 561 564 528
f 248 562 566
f 562 166 551
f 566 551 246
f 562 551 566
f 241 553 527
f 553 246 550
f 527 550 153
f 553 550 527
f 248 566 564
f 566 246 553
f 564 553 241
f 566 553 564
f 137 305 681
f 305 181 683
f 681 683 276
f 305 683 681
f 181 306 689
f 306 149 687
f 689 687 278
f 306 687 689
f 276 690 682
f 690 278 688
f 682 688 173
f 690 688 682
f 181 689 683
f 689 278 690
f 683 690 276
f 689 690 683
f 149 309 702
f 309 182 704
f 702 704 282
f 309 704 702
f 182 308 697
f 308 139 695
f 697 695 280
f 308 695 697
f 282 706 703
f 706 280 696
f 703 696 174
f 706 696 703
f 182 697 704
f 697 280 706
f 704 706 282
f 697 706 704
f 173 711 686
f 711 284 713
f 686 713 277
f 711 713 686
f 284 712 715
f 712 174 700
f 715 700 281
f 712 700 715
f 277 701 685
f 701 281 699
f 685 699 146
f 701 699 685
f 284 715 713
f 715 281 701
f 713 701 277
f 715 701 713
f 149 702 687
f 702 282 705
f 687 705 278
f 702 705 687
f 282 703 716
f 703 174 712
f 716 712 284
f 703 712 716
f 278 714 688
f 714 284 711
f 688 711 173
f 714 711 688
f 282 716 705
f 716 284 714
f 705 714 278
f 716 714 705
f 141 364 615
f 364 198 617
f 615 617 261
f 364 617 615
f 198 365 624
f 365 154 622
f 624 622 263
f 365 622 624
f 261 626 616
f 626 263 623
f 616 623 170
f 626 623 616
f 198 624 617
f 624 263 626
f 617 626 261
f 624 626 617
f 154 362 611
f 362 197 613
f 611 613 260
f 362 613 611
f 197 361 608
f 361 137 606
f 608 606 258
f 361 606 608
f 260 614 612
f 614 258 607
f 612 607 169
f 614 607 612
f 197 608 613
f 608 258 614
f 613 614 260
f 608 614 613
f 170 632 620
f 632 265 635
f 620 635 262
f 632 635 620
f 265 631 633
f 631 169 610
f 633 610 259
f 631 610 633
f 262 621 619
f 621 259 609
f 619 609 145
f 621 609 619
f 265 633 635
f 633 259 621
f 635 621 262
f 633 621 635
f 154 611 622
f 611 260 625
f 622 625 263
f 611 625 622
f 260 612 634
f 612 169 631
f 634 631 265
f 612 631 634
f 263 636 623
f 636 265 632
f 623 632 170
f 636 632 623
f 260 634 625
f 634 265 636
f 625 636 263
f 634 636 625
f 143 439 461
f 439 220 464
f 461 464 225
f 439 464 461
f 220 440 483
f 440 161 481
f 483 481 229
f 440 481 483
f 225 485 462
f 485 229 482
f 462 482 162
f 485 482 462
f 220 483 464
f 483 229 485
f 464 485 225
f 483 485 464
f 161 436 448
f 436 219 450
f 448 450 222
f 436 450 448
f 219 435 438
f 435 141 413
f 438 413 211
f 435 413 438
f 222 449 447
f 449 211 414
f 447 414 158
f 449 414 447
f 219 438 450
f 438 211 449
f 450 449 222
f 438 449 450
f 162 471 458
f 471 227 474
f 458 474 224
f 471 474 458
f 227 470 472
f 470 158 416
f 472 416 212
f 470 416 472
f 224 460 457
f 460 212 415
f 457 415 142
f 460 415 457
f 227 472 474
f 472 212 460
f 474 460 224
f 472 460 474
f 161 448 481
f 448 222 484
f 481 484 229
f 448 484 481
f 222 447 473
f 447 158 470
f 473 470 227
f 447 470 473
f 229 486 482
f 486 227 471
f 482 471 162
f 486 471 482
f 222 473 484
f 473 227 486
f 484 486 229
f 473 486 484
f 144 571 491
f 571 250 573
f 491 573 231
f 571 573 491
f 250 572 589
f 572 167 586
f 589 586 253
f 572 586 589
f 231 587 492
f 587 253 585
f 492 585 163
f 587 585 492
f 250 589 573
f 589 253 587
f 573 587 231
f 589 587 573
f 167 568 576
f 568 249 579
f 576 579 251
f 568 579 576
f 249 567 569
f 567 143 420
f 569 420 214
f 567 420 569
f 251 577 575
f 577 214 421
f 575 421 159
f 577 421 575
f 249 569 579
f 569 214 577
f 579 577 251
f 569 577 579
f 163 498 488
f 498 233 500
f 488 500 230
f 498 500 488
f 233 497 499
f 497 159 418
f 499 418 213
f 497 418 499
f 230 490 487
f 490 213 417
f 487 417 136
f 490 417 487
f 233 499 500
f 499 213 490
f 500 490 230
f 499 490 500
f 167 576 586
f 576 251 590
f 586 590 253
f 576 590 586
f 251 575 578
f 575 159 497
f 578 497 233
f 575 497 578
f 253 588 585
f 588 233 498
f 585 498 163
f 588 498 585
f 251 578 590
f 578 233 588
f 590 588 253
f 578 588 590
f 777 914 830
f 914 814 916
f 830 916 793
f 914 916 830
f 814 915 931
f 915 788 928
f 931 928 817
f 915 928 931
f 793 929 831
f 929 817 927
f 831 927 782
f 929 927 831
f 814 931 916
f 931 817 929
f 916 929 793
f 931 929 916
f 777 830 819
f 830 793 832
f 819 832 789
f 830 832 819
f 793 831 836
f 831 782 834
f 836 834 794
f 831 834 836
f 789 835 820
f 835 794 833
f 820 833 778
f 835 833 820
f 793 836 832
f 836 794 835
f 832 835 789
f 836 835 832
f 777 819 846
f 819 789 848
f 846 848 798
f 819 848 846
f 789 820 851
f 820 778 849
f 851 849 799
f 820 849 851
f 798 852 847
f 852 799 850
f 847 850 784
f 852 850 847
f 789 851 848
f 851 799 852
f 848 852 798
f 851 852 848
f 777 846 897
f 846 798 899
f 897 899 810
f 846 899 897
f 798 847 910
f 847 784 908
f 910 908 813
f 847 908 910
f 810 912 898
f 912 813 909
f 898 909 787
f 912 909 898
f 798 910 899
f 910 813 912
f 899 912 810
f 910 912 899
f 777 897 914
f 897 810 917
f 914 917 814
f 897 917 914
f 810 898 935
f 898 787 933
f 935 933 818
f 898 933 935
f 814 937 915
f 937 818 934
f 915 934 788
f 937 934 915
f 810 935 917
f 935 818 937
f 917 937 814
f 935 937 917
f 778 833 872
f 833 794 874
f 872 874 805
f 833 874 872
f 794 834 887
f 834 782 885
f 887 885 808
f 834 885 887
f 805 889 873
f 889 808 886
f 873 886 786
f 889 886 873
f 794 887 874
f 887 808 889
f 874 889 805
f 887 889 874
f 782 927 838
f 927 817 930
f 838 930 795
f 927 930 838
f 817 928 932
f 928 788 923
f 932 923 816
f 928 923 932
f 795 925 837
f 925 816 922
f 837 922 781
f 925 922 837
f 817 932 930
f 932 816 925
f 930 925 795
f 932 925 930
f 788 934 919
f 934 818 938
f 919 938 815
f 934 938 919
f 818 933 936
f 933 787 901
f 936 901 811
f 933 901 936
f 815 921 918
f 921 811 900
f 918 900 779
f 921 900 918
f 818 936 938
f 936 811 921
f 938 921 815
f 936 921 938
f 787 909 904
f 909 813 913
f 904 913 812
f 909 913 904
f 813 908 911
f 908 784 854
f 911 854 800
f 908 854 911
f 812 906 903
f 906 800 853
f 903 853 783
f 906 853 903
f 813 911 913
f 911 800 906
f 913 906 812
f 911 906 913
f 784 850 866
f 850 799 868
f 866 868 804
f 850 868 866
f 799 849 857
f 849 778 855
f 857 855 801
f 849 855 857
f 804 870 867
f 870 801 856
f 867 856 785
f 870 856 867
f 799 857 868
f 857 801 870
f 868 870 804
f 857 870 868
f 780 876 826
f 876 806 878
f 826 878 792
f 876 878 826
f 806 877 884
f 877 786 881
f 884 881 807
f 877 881 884
f 792 882 827
f 882 807 880
f 827 880 781
f 882 880 827
f 806 884 878
f 884 807 882
f 878 882 792
f 884 882 878
f 780 826 822
f 826 792 828
f 822 828 790
f 826 828 822
f 792 827 829
f 827 781 824
f 829 824 791
f 827 824 829
f 790 825 821
f 825 791 823
f 821 823 779
f 825 823 821
f 792 829 828
f 829 791 825
f 828 825 790
f 829 825 828
f 780 822 842
f 822 790 844
f 842 844 797
f 822 844 842
f 790 821 841
f 821 779 839
f 841 839 796
f 821 839 841
f 797 845 843
f 845 796 840
f 843 840 783
f 845 840 843
f 790 841 844
f 841 796 845
f 844 845 797
f 841 845 844
f 780 842 858
f 842 797 860
f 858 860 802
f 842 860 858
f 797 843 863
f 843 783 861
f 863 861 803
f 843 861 863
f 802 865 859
f 865 803 862
f 859 862 785
f 865 862 859
f 797 863 860
f 863 803 865
f 860 865 802
f 863 865 860
f 780 858 876
f 858 802 879
f 876 879 806
f 858 879 876
f 802 859 894
f 859 785 891
f 894 891 809
f 859 891 894
f 806 896 877
f 896 809 892
f 877 892 786
f 896 892 877
f 802 894 879
f 894 809 896
f 879 896 806
f 894 896 879
f 781 880 837
f 880 807 883
f 837 883 795
f 880 883 837
f 807 881 890
f 881 786 886
f 890 886 808
f 881 886 890
f 795 888 838
f 888 808 885
f 838 885 782
f 888 885 838
f 807 890 883
f 890 808 888
f 883 888 795
f 890 888 883
f 779 823 918
f 823 791 920
f 918 920 815
f 823 920 918
f 791 824 924
f 824 781 922
f 924 922 816
f 824 922 924
f 815 926 919
f 926 816 923
f 919 923 788
f 926 923 919
f 791 924 920
f 924 816 926
f 920 926 815
f 924 926 920
f 783 840 903
f 840 796 905
f 903 905 812
f 840 905 903
f 796 839 902
f 839 779 900
f 902 900 811
f 839 900 902
f 812 907 904
f 907 811 901
f 904 901 787
f 907 901 904
f 796 902 905
f 902 811 907
f 905 907 812
f 902 907 905
f 785 862 867
f 862 803 871
f 867 871 804
f 862 871 867
f 803 861 864
f 861 783 853
f 864 853 800
f 861 853 864
f 804 869 866
f 869 800 854
f 866 854 784
f 869 854 866
f 803 864 871
f 864 800 869
f 871 869 804
f 864 869 871
f 786 892 873
f 892 809 895
f 873 895 805
f 892 895 873
f 809 891 893
f 891 785 856
f 893 856 801
f 891 856 893
f 805 875 872
f 875 801 855
f 872 855 778
f 875 855 872
f 809 893 895
f 893 801 875
f 895 875 805
f 893 875 895
f 939 1076 992
f 1076 976 1078
f 992 1078 955
f 1076 1078 992
f 976 1077 1093
f 1077 950 1090
f 1093 1090 979
f 1077 1090 1093
f 955 1091 993
f 1091 979 1089
f 993 1089 944
f 1091 1089 993
f 976 1093 1078
f 1093 979 1091
f 1078 1091 955
f 1093 1091 1078
f 939 992 981
f 992 955 994
f 981 994 951
f 992 994 981
f 955 993 998
f 993 944 996
f 998 996 956
f 993 996 998
f 951 997 982
f 997 956 995
f 982 995 940
f 997 995 982
f 955 998 994
f 998 956 997
f 994 997 951
f 998 997 994
f 939 981 1008
f 981 951 1010
f 1008 1010 960
f 981 1010 1008
f 951 982 1013
f 982 940 1011
f 1013 1011 961
f 982 1011 1013
f 960 1014 1009
f 1014 961 1012
f 1009 1012 946
f 1014 1012 1009
f 951 1013 1010
f 1013 961 1014
f 1010 1014 960
f 1013 1014 1010
f 939 1008 1059
f 1008 960 1061
f 1059 1061 972
f 1008 1061 1059
f 960 1009 1072
f 1009 946 1070
f 1072 1070 975
f 1009 1070 1072
f 972 1074 1060
f 1074 975 1071
f 1060 1071 949
f 1074 1071 1060
f 960 1072 1061
f 1072 975 1074
f 1061 1074 972
f 1072 1074 1061
f 939 1059 1076
f 1059 972 1079
f 1076 1079 976
f 1059 1079 1076
f 972 1060 1097
f 1060 949 1095
f 1097 1095 980
f 1060 1095 1097
f 976 1099 1077
f 1099 980 1096
f 1077 1096 950
f 1099 1096 1077
f 972 1097 1079
f 1097 980 1099
f 1079 1099 976
f 1097 1099 1079
f 940 995 1034
f 995 956 1036
f 1034 1036 967
f 995 1036 1034
f 956 996 1049
f 996 944 1047
f 1049 1047 970
f 996 1047 1049
f 967 1051 1035
f 1051 970 1048
f 1035 1048 948
f 1051 1048 1035
f 956 1049 1036
f 1049 970 1051
f 1036 1051 967
f 1049 1051 1036
f 944 1089 1000
f 1089 979 1092
f 1000 1092 957
f 1089 1092 1000
f 979 1090 1094
f 1090 950 1085
f 1094 1085 978
f 1090 1085 1094
f 957 1087 999
f 1087 978 1084
f 999 1084 943
f 1087 1084 999
f 979 1094 1092
f 1094 978 1087
f 1092 1087 957
f 1094 1087 1092
f 950 1096 1081
f 1096 980 1100
f 1081 1100 977
f 1096 1100 1081
f 980 1095 1098
f 1095 949 1063
f 1098 1063 973
f 1095 1063 1098
f 977 1083 1080
f 1083 973 1062
f 1080 1062 941
f 1083 1062 1080
f 980 1098 1100
f 1098 973 1083
f 1100 1083 977
f 1098 1083 1100
f 949 1071 1066
f 1071 975 1075
f 1066 1075 974
f 1071 1075 1066
f 975 1070 1073
f 1070 946 1016
f 1073 1016 962
f 1070 1016 1073
f 974 1068 1065
f 1068 962 1015
f 1065 1015 945
f 1068 1015 1065
f 975 1073 1075
f 1073 962 1068
f 1075 1068 974
f 1073 1068 1075
f 946 1012 1028
f 1012 961 1030
f 1028 1030 966
f 1012 1030 1028
f 961 1011 1019
f 1011 940 1017
f 1019 1017 963
f 1011 1017 1019
f 966 1032 1029
f 1032 963 1018
f 1029 1018 947
f 1032 1018 1029
f 961 1019 1030
f 1019 963 1032
f 1030 1032 966
f 1019 1032 1030
f 942 1038 988
f 1038 968 1040
f 988 1040 954
f 1038 1040 988
f 968 1039 1046
f 1039 948 1043
f 1046 1043 969
f 1039 1043 1046
f 954 1044 989
f 1044 969 1042
f 989 1042 943
f 1044 1042 989
f 968 1046 1040
f 1046 969 1044
f 1040 1044 954
f 1046 1044 1040
f 942 988 984
f 988 954 990
f 984 990 952
f 988 990 984
f 954 989 991
f 989 943 986
f 991 986 953
f 989 986 991
f 952 987 983
f 987 953 985
f 983 985 941
f 987 985 983
f 954 991 990
f 991 953 987
f 990 987 952
f 991 987 990
f 942 984 1004
f 984 952 1006
f 1004 1006 959
f 984 1006 1004
f 952 983 1003
f 983 941 1001
f 1003 1001 958
f 983 1001 1003
f 959 1007 1005
f 1007 958 1002
f 1005 1002 945
f 1007 1002 1005
f 952 1003 1006
f 1003 958 1007
f 1006 1007 959
f 1003 1007 1006
f 942 1004 1020
f 1004 959 1022
f 1020 1022 964
f 1004 1022 1020
f 959 1005 1025
f 1005 945 1023
f 1025 1023 965
f 1005 1023 1025
f 964 1027 1021
f 1027 965 1024
f 1021 1024 947
f 1027 1024 1021
f 959 1025 1022
f 1025 965 1027
f 1022 1027 964
f 1025 1027 1022
f 942 1020 1038
f 1020 964 1041
f 1038 1041 968
f 1020 1041 1038
f 964 1021 1056
f 1021 947 1053
f 1056 1053 971
f 1021 1053 1056
f 968 1058 1039
f 1058 971 1054
f 1039 1054 948
f 1058 1054 1039
f 964 1056 1041
f 1056 971 1058
f 1041 1058 968
f 1056 1058 1041
f 943 1042 999
f 1042 969 1045
f 999 1045 957
f 1042 1045 999
f 969 1043 1052
f 1043 948 1048
f 1052 1048 970
f 1043 1048 1052
f 957 1050 1000
f 1050 970 1047
f 1000 1047 944
f 1050 1047 1000
f 969 1052 1045
f 1052 970 1050
f 1045 1050 957
f 1052 1050 1045
f 941 985 1080
f 985 953 1082
f 1080 1082 977
f 985 1082 1080
f 953 986 1086
f 986 943 1084
f 1086 1084 978
f 986 1084 1086
f 977 1088 1081
f 1088 978 1085
f 1081 1085 950
f 1088 1085 1081
f 953 1086 1082
f 1086 978 1088
f 1082 1088 977
f 1086 1088 1082
f 945 1002 1065
f 1002 958 1067
f 1065 1067 974
f 1002 1067 1065
f 958 1001 1064
f 1001 941 1062
f 1064 1062 973
f 1001 1062 1064
f 974 1069 1066
f 1069 973 1063
f 1066 1063 949
f 1069 1063 1066
f 958 1064 1067
f 1064 973 1069
f 1067 1069 974
f 1064 1069 1067
f 947 1024 1029
f 1024 965 1033
f 1029 1033 966
f 1024 1033 1029
f 965 1023 1026
f 1023 945 1015
f 1026 1015 962
f 1023 1015 1026
f 966 1031 1028
f 1031 962 1016
f 1028 1016 946
f 1031 1016 1028
f 965 1026 1033
f 1026 962 1031
f 1033 1031 966
f 1026 1031 1033
f 948 1054 1035
f 1054 971 1057
f 1035 1057 967
f 1054 1057 1035
f 971 1053 1055
f 1053 947 1018
f 1055 1018 963
f 1053 1018 1055
f 967 1037 1034
f 1037 963 1017
f 1034 1017 940
f 1037 1017 1034
f 971 1055 1057
f 1055 963 1037
f 1057 1037 967
f 1055 1037 1057
f 1101 1633 1297
f 1633 1238 1635
f 1297 1635 1154
f 1633 1635 1297
f 1238 1634 1642
f 1634 1138 1640
f 1642 1640 1240
f 1634 1640 1642
f 1154 1641 1298
f 1641 1240 1639
f 1298 1639 1117
f 1641 1639 1298
f 1238 1642 1635
f 1642 1240 1641
f 1635 1641 1154
f 1642 1641 1635
f 1138 1638 1701
f 1638 1239 1703
f 1701 1703 1255
f 1638 1703 1701
f 1239 1637 1689
f 1637 1112 1687
f 1689 1687 1252
f 1637 1687 1689
f 1255 1705 1702
f 1705 1252 1688
f 1702 1688 1141
f 1705 1688 1702
f 1239 1689 1703
f 1689 1252 1705
f 1703 1705 1255
f 1689 1705 1703
f 1117 1691 1301
f 1691 1253 1693
f 1301 1693 1155
f 1691 1693 1301
f 1253 1692 1695
f 1692 1141 1684
f 1695 1684 1251
f 1692 1684 1695
f 1155 1685 1300
f 1685 1251 1683
f 1300 1683 1106
f 1685 1683 1300
f 1253 1695 1693
f 1695 1251 1685
f 1693 1685 1155
f 1695 1685 1693
f 1138 1701 1640
f 1701 1255 1704
f 1640 1704 1240
f 1701 1704 1640
f 1255 1702 1706
f 1702 1141 1692
f 1706 1692 1253
f 1702 1692 1706
f 1240 1694 1639
f 1694 1253 1691
f 1639 1691 1117
f 1694 1691 1639
f 1255 1706 1704
f 1706 1253 1694
f 1704 1694 1240
f 1706 1694 1704
f 1101 1297 1263
f 1297 1154 1299
f 1263 1299 1143
f 1297 1299 1263
f 1154 1298 1305
f 1298 1117 1303
f 1305 1303 1156
f 1298 1303 1305
f 1143 1304 1264
f 1304 1156 1302
f 1264 1302 1113
f 1304 1302 1264
f 1154 1305 1299
f 1305 1156 1304
f 1299 1304 1143
f 1305 1304 1299
f 1117 1301 1317
f 1301 1155 1319
f 1317 1319 1160
f 1301 1319 1317
f 1155 1300 1311
f 1300 1106 1309
f 1311 1309 1158
f 1300 1309 1311
f 1160 1321 1318
f 1321 1158 1310
f 1318 1310 1118
f 1321 1310 1318
f 1155 1311 1319
f 1311 1158 1321
f 1319 1321 1160
f 1311 1321 1319
f 1113 1312 1266
f 1312 1159 1314
f 1266 1314 1144
f 1312 1314 1266
f 1159 1313 1316
f 1313 1118 1307
f 1316 1307 1157
f 1313 1307 1316
f 1144 1308 1265
f 1308 1157 1306
f 1265 1306 1102
f 1308 1306 1265
f 1159 1316 1314
f 1316 1157 1308
f 1314 1308 1144
f 1316 1308 1314
f 1117 1317 1303
f 1317 1160 1320
f 1303 1320 1156
f 1317 1320 1303
f 1160 1318 1322
f 1318 1118 1313
f 1322 1313 1159
f 1318 1313 1322
f 1156 1315 1302
f 1315 1159 1312
f 1302 1312 1113
f 1315 1312 1302
f 1160 1322 1320
f 1322 1159 1315
f 1320 1315 1156
f 1322 1315 1320
f 1101 1263 1353
f 1263 1143 1355
f 1353 1355 1170
f 1263 1355 1353
f 1143 1264 1360
f 1264 1113 1358
f 1360 1358 1172
f 1264 1358 1360
f 1170 1361 1354
f 1361 1172 1359
f 1354 1359 1122
f 1361 1359 1354
f 1143 1360 1355
f 1360 1172 1361
f 1355 1361 1170
f 1360 1361 1355
f 1113 1266 1368
f 1266 1144 1370
f 1368 1370 1175
f 1266 1370 1368
f 1144 1265 1364
f 1265 1102 1362
f 1364 1362 1173
f 1265 1362 1364
f 1175 1372 1369
f 1372 1173 1363
f 1369 1363 1123
f 1372 1363 1369
f 1144 1364 1370
f 1364 1173 1372
f 1370 1372 1175
f 1364 1372 1370
f 1122 1373 1357
f 1373 1176 1375
f 1357 1375 1171
f 1373 1375 1357
f 1176 1374 1377
f 1374 1123 1366
f 1377 1366 1174
f 1374 1366 1377
f 1171 1367 1356
f 1367 1174 1365
f 1356 1365 1108
f 1367 1365 1356
f 1176 1377 1375
f 1377 1174 1367
f 1375 1367 1171
f 1377 1367 1375
f 1113 1368 1358
f 1368 1175 1371
f 1358 1371 1172
f 1368 1371 1358
f 1175 1369 1378
f 1369 1123 1374
f 1378 1374 1176
f 1369 1374 1378
f 1172 1376 1359
f 1376 1176 1373
f 1359 1373 1122
f 1376 1373 1359
f 1175 1378 1371
f 1378 1176 1376
f 1371 1376 1172
f 1378 1376 1371
f 1101 1353 1563
f 1353 1170 1565
f 1563 1565 1221
f 1353 1565 1563
f 1170 1354 1570
f 1354 1122 1568
f 1570 1568 1223
f 1354 1568 1570
f 1221 1571 1564
f 1571 1223 1569
f 1564 1569 1134
f 1571 1569 1564
f 1170 1570 1565
f 1570 1223 1571
f 1565 1571 1221
f 1570 1571 1565
f 1122 1357 1611
f 1357 1171 1613
f 1611 1613 1234
f 1357 1613 1611
f 1171 1356 1605
f 1356 1108 1603
f 1605 1603 1232
f 1356 1603 1605
f 1234 1615 1612
f 1615 1232 1604
f 1612 1604 1137
f 1615 1604 1612
f 1171 1605 1613
f 1605 1232 1615
f 1613 1615 1234
f 1605 1615 1613
f 1134 1621 1567
f 1621 1236 1623
f 1567 1623 1222
f 1621 1623 1567
f 1236 1622 1625
f 1622 1137 1608
f 1625 1608 1233
f 1622 1608 1625
f 1222 1609 1566
f 1609 1233 1607
f 1566 1607 1111
f 1609 1607 1566
f 1236 1625 1623
f 1625 1233 1609
f 1623 1609 1222
f 1625 1609 1623
f 1122 1611 1568
f 1611 1234 1614
f 1568 1614 1223
f 1611 1614 1568
f 1234 1612 1626
f 1612 1137 1622
f 1626 1622 1236
f 1612 1622 1626
f 1223 1624 1569
f 1624 1236 1621
f 1569 1621 1134
f 1624 1621 1569
f 1234 1626 1614
f 1626 1236 1624
f 1614 1624 1223
f 1626 1624 1614
f 1101 1563 1633
f 1563 1221 1636
f 1633 1636 1238
f 1563 1636 1633
f 1221 1564 1645
f 1564 1134 1643
f 1645 1643 1241
f 1564 1643 1645
f 1238 1646 1634
f 1646 1241 1644
f 1634 1644 1138
f 1646 1644 1634
f 1221 1645 1636
f 1645 1241 1646
f 1636 1646 1238
f 1645 1646 1636
f 1134 1567 1721
f 1567 1222 1723
f 1721 1723 1259
f 1567 1723 1721
f 1222 1566 1715
f 1566 1111 1713
f 1715 1713 1257
f 1566 1713 1715
f 1259 1725 1722
f 1725 1257 1714
f 1722 1714 1142
f 1725 1714 1722
f 1222 1715 1723
f 1715 1257 1725
f 1723 1725 1259
f 1715 1725 1723
f 1138 1731 1638
f 1731 1261 1733
f 1638 1733 1239
f 1731 1733 1638
f 1261 1732 1735
f 1732 1142 1718
f 1735 1718 1258
f 1732 1718 1735
f 1239 1719 1637
f 1719 1258 1717
f 1637 1717 1112
f 1719 1717 1637
f 1261 1735 1733
f 1735 1258 1719
f 1733 1719 1239
f 1735 1719 1733
f 1134 1721 1643
f 1721 1259 1724
f 1643 1724 1241
f 1721 1724 1643
f 1259 1722 1736
f 1722 1142 1732
f 1736 1732 1261
f 1722 1732 1736
f 1241 1734 1644
f 1734 1261 1731
f 1644 1731 1138
f 1734 1731 1644
f 1259 1736 1724
f 1736 1261 1734
f 1724 1734 1241
f 1736 1734 1724
f 1102 1306 1453
f 1306 1157 1455
f 1453 1455 1196
f 1306 1455 1453
f 1157 1307 1461
f 1307 1118 1459
f 1461 1459 1198
f 1307 1459 1461
f 1196 1462 1454
f 1462 1198 1460
f 1454 1460 1129
f 1462 1460 1454
f 1157 1461 1455
f 1461 1198 1462
f 1455 1462 1196
f 1461 1462 1455
f 1118 1310 1511
f 1310 1158 1513
f 1511 1513 1211
f 1310 1513 1511
f 1158 1309 1505
f 1309 1106 1503
f 1505 1503 1209
f 1309 1503 1505
f 1211 1515 1512
f 1515 1209 1504
f 1512 1504 1132
f 1515 1504 1512
f 1158 1505 1513
f 1505 1209 1515
f 1513 1515 1211
f 1505 1515 1513
f 1129 1521 1458
f 1521 1213 1523
f 1458 1523 1197
f 1521 1523 1458
f 1213 1522 1525
f 1522 1132 1508
f 1525 1508 1210
f 1522 1508 1525
f 1197 1509 1457
f 1509 1210 1507
f 1457 1507 1110
f 1509 1507 1457
f 1213 1525 1523
f 1525 1210 1509
f 1523 1509 1197
f 1525 1509 1523
f 1118 1511 1459
f 1511 1211 1514
f 1459 1514 1198
f 1511 1514 1459
f 1211 1512 1526
f 1512 1132 1522
f 1526 1522 1213
f 1512 1522 1526
f 1198 1524 1460
f 1524 1213 1521
f 1460 1521 1129
f 1524 1521 1460
f 1211 1526 1514
f 1526 1213 1524
f 1514 1524 1198
f 1526 1524 1514
f 1106 1683 1325
f 1683 1251 1686
f 1325 1686 1162
f 1683 1686 1325
f 1251 1684 1700
f 1684 1141 1697
f 1700 1697 1254
f 1684 1697 1700
f 1162 1698 1326
f 1698 1254 1696
f 1326 1696 1119
f 1698 1696 1326
f 1251 1700 1686
f 1700 1254 1698
f 1686 1698 1162
f 1700 1698 1686
f 1141 1688 1708
f 1688 1252 1711
f 1708 1711 1256
f 1688 1711 1708
f 1252 1687 1690
f 1687 1112 1665
f 1690 1665 1247
f 1687 1665 1690
f 1256 1709 1707
f 1709 1247 1666
f 1707 1666 1140
f 1709 1666 1707
f 1252 1690 1711
f 1690 1247 1709
f 1711 1709 1256
f 1690 1709 1711
f 1119 1673 1324
f 1673 1249 1675
f 1324 1675 1161
f 1673 1675 1324
f 1249 1674 1676
f 1674 1140 1662
f 1676 1662 1246
f 1674 1662 1676
f 1161 1664 1323
f 1664 1246 1661
f 1323 1661 1105
f 1664 1661 1323
f 1249 1676 1675
f 1676 1246 1664
f 1675 1664 1161
f 1676 1664 1675
f 1141 1708 1697
f 1708 1256 1712
f 1697 1712 1254
f 1708 1712 1697
f 1256 1707 1710
f 1707 1140 1674
f 1710 1674 1249
f 1707 1674 1710
f 1254 1699 1696
f 1699 1249 1673
f 1696 1673 1119
f 1699 1673 1696
f 1256 1710 1712
f 1710 1249 1699
f 1712 1699 1254
f 1710 1699 1712
f 1112 1717 1651
f 1717 1258 1720
f 1651 1720 1243
f 1717 1720 1651
f 1258 1718 1741
f 1718 1142 1738
f 1741 1738 1262
f 1718 1738 1741
f 1243 1739 1652
f 1739 1262 1737
f 1652 1737 1139
f 1739 1737 1652
f 1258 1741 1720
f 1741 1262 1739
f 1720 1739 1243
f 1741 1739 1720
f 1142 1714 1727
f 1714 1257 1730
f 1727 1730 1260
f 1714 1730 1727
f 1257 1713 1716
f 1713 1111 1575
f 1716 1575 1225
f 1713 1575 1716
f 1260 1728 1726
f 1728 1225 1576
f 1726 1576 1135
f 1728 1576 1726
f 1257 1716 1730
f 1716 1225 1728
f 1730 1728 1260
f 1716 1728 1730
f 1139 1658 1648
f 1658 1245 1660
f 1648 1660 1242
f 1658 1660 1648
f 1245 1657 1659
f 1657 1135 1573
f 1659 1573 1224
f 1657 1573 1659
f 1242 1650 1647
f 1650 1224 1572
f 1647 1572 1103
f 1650 1572 1647
f 1245 1659 1660
f 1659 1224 1650
f 1660 1650 1242
f 1659 1650 1660
f 1142 1727 1738
f 1727 1260 1742
f 1738 1742 1262
f 1727 1742 1738
f 1260 1726 1729
f 1726 1135 1657
f 1729 1657 1245
f 1726 1657 1729
f 1262 1740 1737
f 1740 1245 1658
f 1737 1658 1139
f 1740 1658 1737
f 1260 1729 1742
f 1729 1245 1740
f 1742 1740 1262
f 1729 1740 1742
f 1111 1607 1585
f 1607 1233 1610
f 1585 1610 1228
f 1607 1610 1585
f 1233 1608 1631
f 1608 1137 1628
f 1631 1628 1237
f 1608 1628 1631
f 1228 1629 1586
f 1629 1237 1627
f 1586 1627 1136
f 1629 1627 1586
f 1233 1631 1610
f 1631 1237 1629
f 1610 1629 1228
f 1631 1629 1610
f 1137 1604 1617
f 1604 1232 1620
f 1617 1620 1235
f 1604 1620 1617
f 1232 1603 1606
f 1603 1108 1381
f 1606 1381 1178
f 1603 1381 1606
f 1235 1618 1616
f 1618 1178 1382
f 1616 1382 1124
f 1618 1382 1616
f 1232 1606 1620
f 1606 1178 1618
f 1620 1618 1235
f 1606 1618 1620
f 1136 1594 1582
f 1594 1230 1596
f 1582 1596 1227
f 1594 1596 1582
f 1230 1593 1595
f 1593 1124 1380
f 1595 1380 1177
f 1593 1380 1595
f 1227 1584 1581
f 1584 1177 1379
f 1581 1379 1107
f 1584 1379 1581
f 1230 1595 1596
f 1595 1177 1584
f 1596 1584 1227
f 1595 1584 1596
f 1137 1617 1628
f 1617 1235 1632
f 1628 1632 1237
f 1617 1632 1628
f 1235 1616 1619
f 1616 1124 1593
f 1619 1593 1230
f 1616 1593 1619
f 1237 1630 1627
f 1630 1230 1594
f 1627 1594 1136
f 1630 1594 1627
f 1235 1619 1632
f 1619 1230 1630
f 1632 1630 1237
f 1619 1630 1632
f 1108 1365 1423
f 1365 1174 1425
f 1423 1425 1190
f 1365 1425 1423
f 1174 1366 1433
f 1366 1123 1431
f 1433 1431 1192
f 1366 1431 1433
f 1190 1435 1424
f 1435 1192 1432
f 1424 1432 1128
f 1435 1432 1424
f 1174 1433 1425
f 1433 1192 1435
f 1425 1435 1190
f 1433 1435 1425
f 1123 1363 1388
f 1363 1173 1390
f 1388 1390 1181
f 1363 1390 1388
f 1173 1362 1385
f 1362 1102 1383
f 1385 1383 1179
f 1362 1383 1385
f 1181 1391 1389
f 1391 1179 1384
f 1389 1384 1125
f 1391 1384 1389
f 1173 1385 1390
f 1385 1179 1391
f 1390 1391 1181
f 1385 1391 1390
f 1128 1442 1428
f 1442 1194 1445
f 1428 1445 1191
f 1442 1445 1428
f 1194 1441 1443
f 1441 1125 1387
f 1443 1387 1180
f 1441 1387 1443
f 1191 1429 1427
f 1429 1180 1386
f 1427 1386 1109
f 1429 1386 1427
f 1194 1443 1445
f 1443 1180 1429
f 1445 1429 1191
f 1443 1429 1445
f 1123 1388 1431
f 1388 1181 1434
f 1431 1434 1192
f 1388 1434 1431
f 1181 1389 1444
f 1389 1125 1441
f 1444 1441 1194
f 1389 1441 1444
f 1192 1446 1432
f 1446 1194 1442
f 1432 1442 1128
f 1446 1442 1432
f 1181 1444 1434
f 1444 1194 1446
f 1434 1446 1192
f 1444 1446 1434
f 1104 1467 1280
f 1467 1200 1469
f 1280 1469 1150
f 1467 1469 1280
f 1200 1468 1476
f 1468 1130 1474
f 1476 1474 1202
f 1468 1474 1476
f 1150 1475 1281
f 1475 1202 1473
f 1281 1473 1116
f 1475 1473 1281
f 1200 1476 1469
f 1476 1202 1475
f 1469 1475 1150
f 1476 1475 1469
f 1130 1472 1497
f 1472 1201 1499
f 1497 1499 1208
f 1472 1499 1497
f 1201 1471 1487
f 1471 1110 1485
f 1487 1485 1205
f 1471 1485 1487
f 1208 1501 1498
f 1501 1205 1486
f 1498 1486 1131
f 1501 1486 1498
f 1201 1487 1499
f 1487 1205 1501
f 1499 1501 1208
f 1487 1501 1499
f 1116 1488 1284
f 1488 1206 1490
f 1284 1490 1151
f 1488 1490 1284
f 1206 1489 1492
f 1489 1131 1482
f 1492 1482 1204
f 1489 1482 1492
f 1151 1483 1283
f 1483 1204 1481
f 1283 1481 1105
f 1483 1481 1283
f 1206 1492 1490
f 1492 1204 1483
f 1490 1483 1151
f 1492 1483 1490
f 1130 1497 1474
f 1497 1208 1500
f 1474 1500 1202
f 1497 1500 1474
f 1208 1498 1502
f 1498 1131 1489
f 1502 1489 1206
f 1498 1489 1502
f 1202 1491 1473
f 1491 1206 1488
f 1473 1488 1116
f 1491 1488 1473
f 1208 1502 1500
f 1502 1206 1491
f 1500 1491 1202
f 1502 1491 1500
f 1104 1280 1269
f 1280 1150 1282
f 1269 1282 1146
f 1280 1282 1269
f 1150 1281 1290
f 1281 1116 1287
f 1290 1287 1152
f 1281 1287 1290
f 1146 1288 1270
f 1288 1152 1286
f 1270 1286 1114
f 1288 1286 1270
f 1150 1290 1282
f 1290 1152 1288
f 1282 1288 1146
f 1290 1288 1282
f 1116 1284 1292
f 1284 1151 1295
f 1292 1295 1153
f 1284 1295 1292
f 1151 1283 1285
f 1283 1105 1274
f 1285 1274 1148
f 1283 1274 1285
f 1153 1293 1291
f 1293 1148 1275
f 1291 1275 1115
f 1293 1275 1291
f 1151 1285 1295
f 1285 1148 1293
f 1295 1293 1153
f 1285 1293 1295
f 1114 1276 1268
f 1276 1149 1278
f 1268 1278 1145
f 1276 1278 1268
f 1149 1277 1279
f 1277 1115 1272
f 1279 1272 1147
f 1277 1272 1279
f 1145 1273 1267
f 1273 1147 1271
f 1267 1271 1103
f 1273 1271 1267
f 1149 1279 1278
f 1279 1147 1273
f 1278 1273 1145
f 1279 1273 1278
f 1116 1292 1287
f 1292 1153 1296
f 1287 1296 1152
f 1292 1296 1287
f 1153 1291 1294
f 1291 1115 1277
f 1294 1277 1149
f 1291 1277 1294
f 1152 1289 1286
f 1289 1149 1276
f 1286 1276 1114
f 1289 1276 1286
f 1153 1294 1296
f 1294 1149 1289
f 1296 1289 1152
f 1294 1289 1296
f 1104 1269 1336
f 1269 1146 1338
f 1336 1338 1166
f 1269 1338 1336
f 1146 1270 1344
f 1270 1114 1342
f 1344 1342 1168
f 1270 1342 1344
f 1166 1346 1337
f 1346 1168 1343
f 1337 1343 1121
f 1346 1343 1337
f 1146 1344 1338
f 1344 1168 1346
f 1338 1346 1166
f 1344 1346 1338
f 1114 1268 1332
f 1268 1145 1334
f 1332 1334 1165
f 1268 1334 1332
f 1145 1267 1329
f 1267 1103 1327
f 1329 1327 1163
f 1267 1327 1329
f 1165 1335 1333
f 1335 1163 1328
f 1333 1328 1120
f 1335 1328 1333
f 1145 1329 1334
f 1329 1163 1335
f 1334 1335 1165
f 1329 1335 1334
f 1121 1348 1340
f 1348 1169 1351
f 1340 1351 1167
f 1348 1351 1340
f 1169 1347 1349
f 1347 1120 1331
f 1349 1331 1164
f 1347 1331 1349
f 1167 1341 1339
f 1341 1164 1330
f 1339 1330 1107
f 1341 1330 1339
f 1169 1349 1351
f 1349 1164 1341
f 1351 1341 1167
f 1349 1341 1351
f 1114 1332 1342
f 1332 1165 1345
f 1342 1345 1168
f 1332 1345 1342
f 1165 1333 1350
f 1333 1120 1347
f 1350 1347 1169
f 1333 1347 1350
f 1168 1352 1343
f 1352 1169 1348
f 1343 1348 1121
f 1352 1348 1343
f 1165 1350 1345
f 1350 1169 1352
f 1345 1352 1168
f 1350 1352 1345
f 1104 1336 1392
f 1336 1166 1394
f 1392 1394 1182
f 1336 1394 1392
f 1166 1337 1399
f 1337 1121 1397
f 1399 1397 1184
f 1337 1397 1399
f 1182 1400 1393
f 1400 1184 1398
f 1393 1398 1126
f 1400 1398 1393
f 1166 1399 1394
f 1399 1184 1400
f 1394 1400 1182
f 1399 1400 1394
f 1121 1340 1408
f 1340 1167 1410
f 1408 1410 1187
f 1340 1410 1408
f 1167 1339 1403
f 1339 1107 1401
f 1403 1401 1185
f 1339 1401 1403
f 1187 1412 1409
f 1412 1185 1402
f 1409 1402 1127
f 1412 1402 1409
f 1167 1403 1410
f 1403 1185 1412
f 1410 1412 1187
f 1403 1412 1410
f 1126 1417 1396
f 1417 1189 1419
f 1396 1419 1183
f 1417 1419 1396
f 1189 1418 1421
f 1418 1127 1406
f 1421 1406 1186
f 1418 1406 1421
f 1183 1407 1395
f 1407 1186 1405
f 1395 1405 1109
f 1407 1405 1395
f 1189 1421 1419
f 1421 1186 1407
f 1419 1407 1183
f 1421 1407 1419
f 1121 1408 1397
f 1408 1187 1411
f 1397 1411 1184
f 1408 1411 1397
f 1187 1409 1422
f 1409 1127 1418
f 1422 1418 1189
f 1409 1418 1422
f 1184 1420 1398
f 1420 1189 1417
f 1398 1417 1126
f 1420 1417 1398
f 1187 1422 1411
f 1422 1189 1420
f 1411 1420 1184
f 1422 1420 1411
f 1104 1392 1467
f 1392 1182 1470
f 1467 1470 1200
f 1392 1470 1467
f 1182 1393 1479
f 1393 1126 1477
f 1479 1477 1203
f 1393 1477 1479
f 1200 1480 1468
f 1480 1203 1478
f 1468 1478 1130
f 1480 1478 1468
f 1182 1479 1470
f 1479 1203 1480
f 1470 1480 1200
f 1479 1480 1470
f 1126 1396 1546
f 1396 1183 1548
f 1546 1548 1218
f 1396 1548 1546
f 1183 1395 1536
f 1395 1109 1533
f 1536 1533 1215
f 1395 1533 1536
f 1218 1550 1547
f 1550 1215 1534
f 1547 1534 1133
f 1550 1534 1547
f 1183 1536 1548
f 1536 1215 1550
f 1548 1550 1218
f 1536 1550 1548
f 1130 1557 1472
f 1557 1220 1559
f 1472 1559 1201
f 1557 1559 1472
f 1220 1558 1561
f 1558 1133 1538
f 1561 1538 1216
f 1558 1538 1561
f 1201 1540 1471
f 1540 1216 1537
f 1471 1537 1110
f 1540 1537 1471
f 1220 1561 1559
f 1561 1216 1540
f 1559 1540 1201
f 1561 1540 1559
f 1126 1546 1477
f 1546 1218 1549
f 1477 1549 1203
f 1546 1549 1477
f 1218 1547 1562
f 1547 1133 1558
f 1562 1558 1220
f 1547 1558 1562
f 1203 1560 1478
f 1560 1220 1557
f 1478 1557 1130
f 1560 1557 1478
f 1218 1562 1549
f 1562 1220 1560
f 1549 1560 1203
f 1562 1560 1549
f 1105 1481 1323
f 1481 1204 1484
f 1323 1484 1161
f 1481 1484 1323
f 1204 1482 1496
f 1482 1131 1494
f 1496 1494 1207
f 1482 1494 1496
f 1161 1495 1324
f 1495 1207 1493
f 1324 1493 1119
f 1495 1493 1324
f 1204 1496 1484
f 1496 1207 1495
f 1484 1495 1161
f 1496 1495 1484
f 1131 1486 1527
f 1486 1205 1529
f 1527 1529 1214
f 1486 1529 1527
f 1205 1485 1510
f 1485 1110 1507
f 1510 1507 1210
f 1485 1507 1510
f 1214 1531 1528
f 1531 1210 1508
f 1528 1508 1132
f 1531 1508 1528
f 1205 1510 1529
f 1510 1210 1531
f 1529 1531 1214
f 1510 1531 1529
f 1119 1516 1326
f 1516 1212 1518
f 1326 1518 1162
f 1516 1518 1326
f 1212 1517 1520
f 1517 1132 1504
f 1520 1504 1209
f 1517 1504 1520
f 1162 1506 1325
f 1506 1209 1503
f 1325 1503 1106
f 1506 1503 1325
f 1212 1520 1518
f 1520 1209 1506
f 1518 1506 1162
f 1520 1506 1518
f 1131 1527 1494
f 1527 1214 1530
f 1494 1530 1207
f 1527 1530 1494
f 1214 1528 1532
f 1528 1132 1517
f 1532 1517 1212
f 1528 1517 1532
f 1207 1519 1493
f 1519 1212 1516
f 1493 1516 1119
f 1519 1516 1493
f 1214 1532 1530
f 1532 1212 1519
f 1530 1519 1207
f 1532 1519 1530
f 1103 1271 1647
f 1271 1147 1649
f 1647 1649 1242
f 1271 1649 1647
f 1147 1272 1655
f 1272 1115 1653
f 1655 1653 1244
f 1272 1653 1655
f 1242 1656 1648
f 1656 1244 1654
f 1648 1654 1139
f 1656 1654 1648
f 1147 1655 1649
f 1655 1244 1656
f 1649 1656 1242
f 1655 1656 1649
f 1115 1275 1668
f 1275 1148 1670
f 1668 1670 1248
f 1275 1670 1668
f 1148 1274 1663
f 1274 1105 1661
f 1663 1661 1246
f 1274 1661 1663
f 1248 1672 1669
f 1672 1246 1662
f 1669 1662 1140
f 1672 1662 1669
f 1148 1663 1670
f 1663 1246 1672
f 1670 1672 1248
f 1663 1672 1670
f 1139 1677 1652
f 1677 1250 1679
f 1652 1679 1243
f 1677 1679 1652
f 1250 1678 1681
f 1678 1140 1666
f 1681 1666 1247
f 1678 1666 1681
f 1243 1667 1651
f 1667 1247 1665
f 1651 1665 1112
f 1667 1665 1651
f 1250 1681 1679
f 1681 1247 1667
f 1679 1667 1243
f 1681 1667 1679
f 1115 1668 1653
f 1668 1248 1671
f 1653 1671 1244
f 1668 1671 1653
f 1248 1669 1682
f 1669 1140 1678
f 1682 1678 1250
f 1669 1678 1682
f 1244 1680 1654
f 1680 1250 1677
f 1654 1677 1139
f 1680 1677 1654
f 1248 1682 1671
f 1682 1250 1680
f 1671 1680 1244
f 1682 1680 1671
f 1107 1330 1581
f 1330 1164 1583
f 1581 1583 1227
f 1330 1583 1581
f 1164 1331 1590
f 1331 1120 1588
f 1590 1588 1229
f 1331 1588 1590
f 1227 1592 1582
f 1592 1229 1589
f 1582 1589 1136
f 1592 1589 1582
f 1164 1590 1583
f 1590 1229 1592
f 1583 1592 1227
f 1590 1592 1583
f 1120 1328 1577
f 1328 1163 1579
f 1577 1579 1226
f 1328 1579 1577
f 1163 1327 1574
f 1327 1103 1572
f 1574 1572 1224
f 1327 1572 1574
f 1226 1580 1578
f 1580 1224 1573
f 1578 1573 1135
f 1580 1573 1578
f 1163 1574 1579
f 1574 1224 1580
f 1579 1580 1226
f 1574 1580 1579
f 1136 1598 1586
f 1598 1231 1601
f 1586 1601 1228
f 1598 1601 1586
f 1231 1597 1599
f 1597 1135 1576
f 1599 1576 1225
f 1597 1576 1599
f 1228 1587 1585
f 1587 1225 1575
f 1585 1575 1111
f 1587 1575 1585
f 1231 1599 1601
f 1599 1225 1587
f 1601 1587 1228
f 1599 1587 1601
f 1120 1577 1588
f 1577 1226 1591
f 1588 1591 1229
f 1577 1591 1588
f 1226 1578 1600
f 1578 1135 1597
f 1600 1597 1231
f 1578 1597 1600
f 1229 1602 1589
f 1602 1231 1598
f 1589 1598 1136
f 1602 1598 1589
f 1226 1600 1591
f 1600 1231 1602
f 1591 1602 1229
f 1600 1602 1591
f 1109 1405 1427
f 1405 1186 1430
f 1427 1430 1191
f 1405 1430 1427
f 1186 1406 1449
f 1406 1127 1447
f 1449 1447 1195
f 1406 1447 1449
f 1191 1451 1428
f 1451 1195 1448
f 1428 1448 1128
f 1451 1448 1428
f 1186 1449 1430
f 1449 1195 1451
f 1430 1451 1191
f 1449 1451 1430
f 1127 1402 1414
f 1402 1185 1416
f 1414 1416 1188
f 1402 1416 1414
f 1185 1401 1404
f 1401 1107 1379
f 1404 1379 1177
f 1401 1379 1404
f 1188 1415 1413
f 1415 1177 1380
f 1413 1380 1124
f 1415 1380 1413
f 1185 1404 1416
f 1404 1177 1415
f 1416 1415 1188
f 1404 1415 1416
f 1128 1437 1424
f 1437 1193 1440
f 1424 1440 1190
f 1437 1440 1424
f 1193 1436 1438
f 1436 1124 1382
f 1438 1382 1178
f 1436 1382 1438
f 1190 1426 1423
f 1426 1178 1381
f 1423 1381 1108
f 1426 1381 1423
f 1193 1438 1440
f 1438 1178 1426
f 1440 1426 1190
f 1438 1426 1440
f 1127 1414 1447
f 1414 1188 1450
f 1447 1450 1195
f 1414 1450 1447
f 1188 1413 1439
f 1413 1124 1436
f 1439 1436 1193
f 1413 1436 1439
f 1195 1452 1448
f 1452 1193 1437
f 1448 1437 1128
f 1452 1437 1448
f 1188 1439 1450
f 1439 1193 1452
f 1450 1452 1195
f 1439 1452 1450
f 1110 1537 1457
f 1537 1216 1539
f 1457 1539 1197
f 1537 1539 1457
f 1216 1538 1555
f 1538 1133 1552
f 1555 1552 1219
f 1538 1552 1555
f 1197 1553 1458
f 1553 1219 1551
f 1458 1551 1129
f 1553 1551 1458
f 1216 1555 1539
f 1555 1219 1553
f 1539 1553 1197
f 1555 1553 1539
f 1133 1534 1542
f 1534 1215 1545
f 1542 1545 1217
f 1534 1545 1542
f 1215 1533 1535
f 1533 1109 1386
f 1535 1386 1180
f 1533 1386 1535
f 1217 1543 1541
f 1543 1180 1387
f 1541 1387 1125
f 1543 1387 1541
f 1215 1535 1545
f 1535 1180 1543
f 1545 1543 1217
f 1535 1543 1545
f 1129 1464 1454
f 1464 1199 1466
f 1454 1466 1196
f 1464 1466 1454
f 1199 1463 1465
f 1463 1125 1384
f 1465 1384 1179
f 1463 1384 1465
f 1196 1456 1453
f 1456 1179 1383
f 1453 1383 1102
f 1456 1383 1453
f 1199 1465 1466
f 1465 1179 1456
f 1466 1456 1196
f 1465 1456 1466
f 1133 1542 1552
f 1542 1217 1556
f 1552 1556 1219
f 1542 1556 1552
f 1217 1541 1544
f 1541 1125 1463
f 1544 1463 1199
f 1541 1463 1544
f 1219 1554 1551
f 1554 1199 1464
f 1551 1464 1129
f 1554 1464 1551
f 1217 1544 1556
f 1544 1199 1554
f 1556 1554 1219
f 1544 1554 1556
f 1744 1743 1747
f 1744 1747 1745
f 1745 1747 1748
f 1745 1748 1746
f 1747 1743 1749
f 1747 1749 1748
f 1748 1749 1750
f 1748 1750 1746
f 1749 1743 1751
f 1749 1751 1750
f 1750 1751 1752
f 1750 1752 1746
f 1751 1743 1753
f 1751 1753 1752
f 1752 1753 1754
f 1752 1754 1746
f 1753 1743 1755
f 1753 1755 1754
f 1754 1755 1756
f 1754 1756 1746
f 1755 1743 1757
f 1755 1757 1756
f 1756 1757 1758
f 1756 1758 1746
f 1757 1743 1759
f 1757 1759 1758
f 1758 1759 1760
f 1758 1760 1746
f 1759 1743 1761
f 1759 1761 1760
f 1760 1761 1762
f 1760 1762 1746
f 1761 1743 1763
f 1761 1763 1762
f 1762 1763 1764
f 1762 1764 1746
f 1763 1743 1744
f 1763 1744 1764
f 1764 1744 1745
f 1764 1745 1746
f 1766 1765 1769
f 1766 1769 1767
f 1767 1769 1770
f 1767 1770 1768
f 1769 1765 1771
f 1769 1771 1770
f 1770 1771 1772
f 1770 1772 1768
f 1771 1765 1773
f 1771 1773 1772
f 1772 1773 1774
f 1772 1774 1768
f 1773 1765 1775
f 1773 1775 1774
f 1774 1775 1776
f 1774 1776 1768
f 1775 1765 1777
f 1775 1777 1776
f 1776 1777 1778
f 1776 1778 1768
f 1777 1765 1779
f 1777 1779 1778
f 1778 1779 1780
f 1778 1780 1768
f 1779 1765 1781
f 1779 1781 1780
f 1780 1781 1782
f 1780 1782 1768
f 1781 1765 1783
f 1781 1783 1782
f 1782 1783 1784
f 1782 1784 1768
f 1783 1765 1785
f 1783 1785 1784
f 1784 1785 1786
f 1784 1786 1768
f 1785 1765 1766
f 1785 1766 1786
f 1786 1766 1767
f 1786 1767 1768
f 1788 1787 1791
f 1788 1791 1789
f 1789 1791 1792
f 1789 1792 1790
f 1791 1787 1793
f 1791 1793 1792
f 1792 1793 1794
f 1792 1794 1790
f 1793 1787 1795
f 1793 1795 1794
f 1794 1795 1796
f 1794 1796 1790
f 1795 1787 1797
f 1795 1797 1796
f 1796 1797 1798
f 1796 1798 1790
f 1797 1787 1799
f 1797 1799 1798
f 1798 1799 1800
f 1798 1800 1790
f 1799 1787 1801
f 1799 1801 1800
f 1800 1801 1802
f 1800 1802 1790
f 1801 1787 1803
f 1801 1803 1802
f 1802 1803 1804
f 1802 1804 1790
f 1803 1787 1805
f 1803 1805 1804
f 1804 1805 1806
f 1804 1806 1790
f 1805 1787 1807
f 1805 1807 1806
f 1806 1807 1808
f 1806 1808 1790
f 1807 1787 1788
f 1807 1788 1808
f 1808 1788 1789
f 1808 1789 1790
f 1810 1809 1813
f 1810 1813 1811
f 1811 1813 1814
f 1811 1814 1812
f 1813 1809 1815
f 1813 1815 1814
f 1814 1815 1816
f 1814 1816 1812
f 1815 1809 1817
f 1815 1817 1816
f 1816 1817 1818
f 1816 1818 1812
f 1817 1809 1819
f 1817 1819 1818
f 1818 1819 1820
f 1818 1820 1812
f 1819 1809 1821
f 1819 1821 1820
f 1820 1821 1822
f 1820 1822 1812
f 1821 1809 1823
f 1821 1823 1822
f 1822 1823 1824
f 1822 1824 1812
f 1823 1809 1825
f 1823 1825 1824
f 1824 1825 1826
f 1824 1826 1812
f 1825 1809 1827
f 1825 1827 1826
f 1826 1827 1828
f 1826 1828 1812
f 1827 1809 1829
f 1827 1829 1828
f 1828 1829 1830
f 1828 1830 1812
f 1829 1809 1810
f 1829 1810 1830
f 1830 1810 1811
f 1830 1811 1812
f 1832 1831 1835
f 1832 1835 1833
f 1833 1835 1836
f 1833 1836 1834
f 1835 1831 1837
f 1835 1837 1836
f 1836 1837 1838
f 1836 1838 1834
f 1837 1831 1839
f 1837 1839 1838
f 1838 1839 1840
f 1838 1840 1834
f 1839 1831 1841
f 1839 1841 1840
f 1840 1841 1842
f 1840 1842 1834
f 1841 1831 1843
f 1841 1843 1842
f 1842 1843 1844
f 1842 1844 1834
f 1843 1831 1845
f 1843 1845 1844
f 1844 1845 1846
f 1844 1846 1834
f 1845 1831 1847
f 1845 1847 1846
f 1846 1847 1848
f 1846 1848 1834
f 1847 1831 1849
f 1847 1849 1848
f 1848 1849 1850
f 1848 1850 1834
f 1849 1831 1851
f 1849 1851 1850
f 1850 1851 1852
f 1850 1852 1834
f 1851 1831 1832
f 1851 1832 1852
f 1852 1832 1833
f 1852 1833 1834
f 1854 1853 1857
f 1854 1857 1855
f 1855 1857 1858
f 1855 1858 1856
f 1857 1853 1859
f 1857 1859 1858
f 1858 1859 1860
f 1858 1860 1856
f 1859 1853 1861
f 1859 1861 1860
f 1860 1861 1862
f 1860 1862 1856
f 1861 1853 1863
f 1861 1863 1862
f 1862 1863 1864
f 1862 1864 1856
f 1863 1853 1865
f 1863 1865 1864
f 1864 1865 1866
f 1864 1866 1856
f 1865 1853 1867
f 1865 1867 1866
f 1866 1867 1868
f 1866 1868 1856
f 1867 1853 1869
f 1867 1869 1868
f 1868 1869 1870
f 1868 1870 1856
f 1869 1853 1871
f 1869 1871 1870
f 1870 1871 1872
f 1870 1872 1856
f 1871 1853 1873
f 1871 1873 1872
f 1872 1873 1874
f 1872 1874 1856
f 1873 1853 1854
f 1873 1854 1874
f 1874 1854 1855
f 1874 1855 1856
f 1876 1875 1879
f 1876 1879 1877
f 1877 1879 1880
f 1877 1880 1878
f 1879 1875 1881
f 1879 1881 1880
f 1880 1881 1882
f 1880 1882 1878
f 1881 1875 1883
f 1881 1883 1882
f 1882 1883 1884
f 1882 1884 1878
f 1883 1875 1885
f 1883 1885 1884
f 1884 1885 1886
f 1884 1886 1878
f 1885 1875 1887
f 1885 1887 1886
f 1886 1887 1888
f 1886 1888 1878
f 1887 1875 1889
f 1887 1889 1888
f 1888 1889 1890
f 1888 1890 1878
f 1889 1875 1891
f 1889 1891 1890
f 1890 1891 1892
f 1890 1892 1878
f 1891 1875 1893
f 1891 1893 1892
f 1892 1893 1894
f 1892 1894 1878
f 1893 1875 1895
f 1893 1895 1894
f 1894 1895 1896
f 1894 1896 1878
f 1895 1875 1876
f 1895 1876 1896
f 1896 1876 1877
f 1896 1877 1878
f 1898 1897 1901
f 1898 1901 1899
f 1899 1901 1902
f 1899 1902 1900
f 1901 1897 1903
f 1901 1903 1902
f 1902 1903 1904
f 1902 1904 1900
f 1903 1897 1905
f 1903 1905 1904
f 1904 1905 1906
f 1904 1906 1900
f 1905 1897 1907
f 1905 1907 1906
f 1906 1907 1908
f 1906 1908 1900
f 1907 1897 1909
f 1907 1909 1908
f 1908 1909 1910
f 1908 1910 1900
f 1909 1897 1911
f 1909 1911 1910
f 1910 1911 1912
f 1910 1912 1900
f 1911 1897 1913
f 1911 1913 1912
f 1912 1913 1914
f 1912 1914 1900
f 1913 1897 1915
f 1913 1915 1914
f 1914 1915 1916
f 1914 1916 1900
f 1915 1897 1917
f 1915 1917 1916
f 1916 1917 1918
f 1916 1918 1900
f 1917 1897 1898
f 1917 1898 1918
f 1918 1898 1899
f 1918 1899 1900
f 1920 1919 1923
f 1920 1923 1921
f 1921 1923 1924
f 1921 1924 1922
f 1923 1919 1925
f 1923 1925 1924
f 1924 1925 1926
f 1924 1926 1922
f 1925 1919 1927
f 1925 1927 1926
f 1926 1927 1928
f 1926 1928 1922
f 1927 1919 1929
f 1927 1929 1928
f 1928 1929 1930
f 1928 1930 1922
f 1929 1919 1931
f 1929 1931 1930
f 1930 1931 1932
f 1930 1932 1922
f 1931 1919 1933
f 1931 1933 1932
f 1932 1933 1934
f 1932 1934 1922
f 1933 1919 1935
f 1933 1935 1934
f 1934 1935 1936
f 1934 1936 1922
f 1935 1919 1937
f 1935 1937 1936
f 1936 1937 1938
f 1936 1938 1922
f 1937 1919 1939
f 1937 1939 1938
f 1938 1939 1940
f 1938 1940 1922
f 1939 1919 1920
f 1939 1920 1940
f 1940 1920 1921
f 1940 1921 1922
f 1942 1941 1945
f 1942 1945 1943
f 1943 1945 1946
f 1943 1946 1944
f 1945 1941 1947
f 1945 1947 1946
f 1946 1947 1948
f 1946 1948 1944
f 1947 1941 1949
f 1947 1949 1948
f 1948 1949 1950
f 1948 1950 1944
f 1949 1941 1951
f 1949 1951 1950
f 1950 1951 1952
f 1950 1952 1944
f 1951 1941 1953
f 1951 1953 1952
f 1952 1953 1954
f 1952 1954 1944
f 1953 1941 1955
f 1953 1955 1954
f 1954 1955 1956
f 1954 1956 1944
f 1955 1941 1957
f 1955 1957 1956
f 1956 1957 1958
f 1956 1958 1944
f 1957 1941 1959
f 1957 1959 1958
f 1958 1959 1960
f 1958 1960 1944
f 1959 1941 1961
f 1959 1961 1960
f 1960 1961 1962
f 1960 1962 1944
f 1961 1941 1942
f 1961 1942 1962
f 1962 1942 1943
f 1962 1943 1944
f 1964 1963 1967
f 1964 1967 1965
f 1965 1967 1968
f 1965 1968 1966
f 1967 1963 1969
f 1967 1969 1968
f 1968 1969 1970
f 1968 1970 1966
f 1969 1963 1971
f 1969 1971 1970
f 1970 1971 1972
f 1970 1972 1966
f 1971 1963 1973
f 1971 1973 1972
f 1972 1973 1974
f 1972 1974 1966
f 1973 1963 1975
f 1973 1975 1974
f 1974 1975 1976
f 1974 1976 1966
f 1975 1963 1977
f 1975 1977 1976
f 1976 1977 1978
f 1976 1978 1966
f 1977 1963 1979
f 1977 1979 1978
f 1978 1979 1980
f 1978 1980 1966
f 1979 1963 1981
f 1979 1981 1980
f 1980 1981 1982
f 1980 1982 1966
f 1981 1963 1983
f 1981 1983 1982
f 1982 1983 1984
f 1982 1984 1966
f 1983 1963 1964
f 1983 1964 1984
f 1984 1964 1965
f 1984 1965 1966
f 1986 1985 1989
f 1986 1989 1987
f 1987 1989 1990
f 1987 1990 1988
f 1989 1985 1991
f 1989 1991 1990
f 1990 1991 1992
f 1990 1992 1988
f 1991 1985 1993
f 1991 1993 1992
f 1992 1993 1994
f 1992 1994 1988
f 1993 1985 1995
f 1993 1995 1994
f 1994 1995 1996
f 1994 1996 1988
f 1995 1985 1997
f 1995 1997 1996
f 1996 1997 1998
f 1996 1998 1988
f 1997 1985 1999
f 1997 1999 1998
f 1998 1999 2000
f 1998 2000 1988
f 1999 1985 2001
f 1999 2001 2000
f 2000 2001 2002
f 2000 2002 1988
f 2001 1985 2003
f 2001 2003 2002
f 2002 2003 2004
f 2002 2004 1988
f 2003 1985 2005
f 2003 2005 2004
f 2004 2005 2006
f 2004 2006 1988
f 2005 1985 1986
f 2005 1986 2006
f 2006 1986 1987
f 2006 1987 1988
f 2008 2007 2011
f 2008 2011 2009
f 2009 2011 2012
f 2009 2012 2010
f 2011 2007 2013
f 2011 2013 2012
f 2012 2013 2014
f 2012 2014 2010
f 2013 2007 2015
f 2013 2015 2014
f 2014 2015 2016
f 2014 2016 2010
f 2015 2007 2017
f 2015 2017 2016
f 2016 2017 2018
f 2016 2018 2010
f 2017 2007 2019
f 2017 2019 2018
f 2018 2019 2020
f 2018 2020 2010
f 2019 2007 2021
f 2019 2021 2020
f 2020 2021 2022
f 2020 2022 2010
f 2021 2007 2023
f 2021 2023 2022
f 2022 2023 2024
f 2022 2024 2010
f 2023 2007 2025
f 2023 2025 2024
f 2024 2025 2026
f 2024 2026 2010
f 2025 2007 2027
f 2025 2027 2026
f 2026 2027 2028
f 2026 2028 2010
f 2027 2007 2008
f 2027 2008 2028
f 2028 2008 2009
f 2028 2009 2010
f 2030 2029 2033
f 2030 2033 2031
f 2031 2033 2034
f 2031 2034 2032
f 2033 2029 2035
f 2033 2035 2034
f 2034 2035 2036
f 2034 2036 2032
f 2035 2029 2037
f 2035 2037 2036
f 2036 2037 2038
f 2036 2038 2032
f 2037 2029 2039
f 2037 2039 2038
f 2038 2039 2040
f 2038 2040 2032
f 2039 2029 2041
f 2039 2041 2040
f 2040 2041 2042
f 2040 2042 2032
f 2041 2029 2043
f 2041 2043 2042
f 2042 2043 2044
f 2042 2044 2032
f 2043 2029 2045
f 2043 2045 2044
f 2044 2045 2046
f 2044 2046 2032
f 2045 2029 2047
f 2045 2047 2046
f 2046 2047 2048
f 2046 2048 2032
f 2047 2029 2049
f 2047 2049 2048
f 2048 2049 2050
f 2048 2050 2032
f 2049 2029 2030
f 2049 2030 2050
f 2050 2030 2031
f 2050 2031 2032
f 2052 2051 2055
f 2052 2055 2053
f 2053 2055 2056
f 2053 2056 2054
f 2055 2051 2057
f 2055 2057 2056
f 2056 2057 2058
f 2056 2058 2054
f 2057 2051 2059
f 2057 2059 2058
f 2058 2059 2060
f 2058 2060 2054
f 2059 2051 2061
f 2059 2061 2060
f 2060 2061 2062
f 2060 2062 2054
f 2061 2051 2063
f 2061 2063 2062
f 2062 2063 2064
f 2062 2064 2054
f 2063 2051 2065
f 2063 2065 2064
f 2064 2065 2066
f 2064 2066 2054
f 2065 2051 2067
f 2065 2067 2066
f 2066 2067 2068
f 2066 2068 2054
f 2067 2051 2069
f 2067 2069 2068
f 2068 2069 2070
f 2068 2070 2054
f 2069 2051 2071
f 2069 2071 2070
f 2070 2071 2072
f 2070 2072 2054
f 2071 2051 2073
f 2071 2073 2072
f 2072 2073 2074
f 2072 2074 2054
f 2073 2051 2075
f 2073 2075 2074
f 2074 2075 2076
f 2074 2076 2054
f 2075 2051 2052
f 2075 2052 2076
f 2076 2052 2053
f 2076 2053 2054
f 2078 2077 2081
f 2078 2081 2079
f 2079 2081 2082
f 2079 2082 2080
f 2081 2077 2083
f 2081 2083 2082
f 2082 2083 2084
f 2082 2084 2080
f 2083 2077 2085
f 2083 2085 2084
f 2084 2085 2086
f 2084 2086 2080
f 2085 2077 2087
f 2085 2087 2086
f 2086 2087 2088
f 2086 2088 2080
f 2087 2077 2089
f 2087 2089 2088
f 2088 2089 2090
f 2088 2090 2080
f 2089 2077 2091
f 2089 2091 2090
f 2090 2091 2092
f 2090 2092 2080
f 2091 2077 2093
f 2091 2093 2092
f 2092 2093 2094
f 2092 2094 2080
f 2093 2077 2095
f 2093 2095 2094
f 2094 2095 2096
f 2094 2096 2080
f 2095 2077 2097
f 2095 2097 2096
f 2096 2097 2098
f 2096 2098 2080
f 2097 2077 2099
f 2097 2099 2098
f 2098 2099 2100
f 2098 2100 2080
f 2099 2077 2101
f 2099 2101 2100
f 2100 2101 2102
f 2100 2102 2080
f 2101 2077 2078
f 2101 2078 2102
f 2102 2078 2079
f 2102 2079 2080
f 2104 2103 2107
f 2104 2107 2105
f 2105 2107 2108
f 2105 2108 2106
f 2107 2103 2109
f 2107 2109 2108
f 2108 2109 2110
f 2108 2110 2106
f 2109 2103 2111
f 2109 2111 2110
f 2110 2111 2112
f 2110 2112 2106
f 2111 2103 2113
f 2111 2113 2112
f 2112 2113 2114
f 2112 2114 2106
f 2113 2103 2115
f 2113 2115 2114
f 2114 2115 2116
f 2114 2116 2106
f 2115 2103 2117
f 2115 2117 2116
f 2116 2117 2118
f 2116 2118 2106
f 2117 2103 2119
f 2117 2119 2118
f 2118 2119 2120
f 2118 2120 2106
f 2119 2103 2121
f 2119 2121 2120
f 2120 2121 2122
f 2120 2122 2106
f 2121 2103 2123
f 2121 2123 2122
f 2122 2123 2124
f 2122 2124 2106
f 2123 2103 2125
f 2123 2125 2124
f 2124 2125 2126
f 2124 2126 2106
f 2125 2103 2127
f 2125 2127 2126
f 2126 2127 2128
f 2126 2128 2106
f 2127 2103 2104
f 2127 2104 2128
f 2128 2104 2105
f 2128 2105 2106
f 2130 2129 2133
f 2130 2133 2131
f 2131 2133 2134
f 2131 2134 2132
f 2133 2129 2135
f 2133 2135 2134
f 2134 2135 2136
f 2134 2136 2132
f 2135 2129 2137
f 2135 2137 2136
f 2136 2137 2138
f 2136 2138 2132
f 2137 2129 2139
f 2137 2139 2138
f 2138 2139 2140
f 2138 2140 2132
f 2139 2129 2141
f 2139 2141 2140
f 2140 2141 2142
f 2140 2142 2132
f 2141 2129 2143
f 2141 2143 2142
f 2142 2143 2144
f 2142 2144 2132
f 2143 2129 2145
f 2143 2145 2144
f 2144 2145 2146
f 2144 2146 2132
f 2145 2129 2147
f 2145 2147 2146
f 2146 2147 2148
f 2146 2148 2132
f 2147 2129 2149
f 2147 2149 2148
f 2148 2149 2150
f 2148 2150 2132
f 2149 2129 2151
f 2149 2151 2150
f 2150 2151 2152
f 2150 2152 2132
f 2151 2129 2153
f 2151 2153 2152
f 2152 2153 2154
f 2152 2154 2132
f 2153 2129 2130
f 2153 2130 2154
f 2154 2130 2131
f 2154 2131 2132
f 2156 2155 2159
f 2156 2159 2157
f 2157 2159 2160
f 2157 2160 2158
f 2159 2155 2161
f 2159 2161 2160
f 2160 2161 2162
f 2160 2162 2158
f 2161 2155 2163
f 2161 2163 2162
f 2162 2163 2164
f 2162 2164 2158
f 2163 2155 2165
f 2163 2165 2164
f 2164 2165 2166
f 2164 2166 2158
f 2165 2155 2167
f 2165 2167 2166
f 2166 2167 2168
f 2166 2168 2158
f 2167 2155 2169
f 2167 2169 2168
f 2168 2169 2170
f 2168 2170 2158
f 2169 2155 2171
f 2169 2171 2170
f 2170 2171 2172
f 2170 2172 2158
f 2171 2155 2173
f 2171 2173 2172
f 2172 2173 2174
f 2172 2174 2158
f 2173 2155 2175
f 2173 2175 2174
f 2174 2175 2176
f 2174 2176 2158
f 2175 2155 2177
f 2175 2177 2176
f 2176 2177 2178
f 2176 2178 2158
f 2177 2155 2179
f 2177 2179 2178
f 2178 2179 2180
f 2178 2180 2158
f 2179 2155 2156
f 2179 2156 2180
f 2180 2156 2157
f 2180 2157 2158
f 2182 2181 2185
f 2182 2185 2183
f 2183 2185 2186
f 2183 2186 2184
f 2185 2181 2187
f 2185 2187 2186
f 2186 2187 2188
f 2186 2188 2184
f 2187 2181 2189
f 2187 2189 2188
f 2188 2189 2190
f 2188 2190 2184
f 2189 2181 2191
f 2189 2191 2190
f 2190 2191 2192
f 2190 2192 2184
f 2191 2181 2193
f 2191 2193 2192
f 2192 2193 2194
f 2192 2194 2184
f 2193 2181 2195
f 2193 2195 2194
f 2194 2195 2196
f 2194 2196 2184
f 2195 2181 2197
f 2195 2197 2196
f 2196 2197 2198
f 2196 2198 2184
f 2197 2181 2199
f 2197 2199 2198
f 2198 2199 2200
f 2198 2200 2184
f 2199 2181 2201
f 2199 2201 2200
f 2200 2201 2202
f 2200 2202 2184
f 2201 2181 2203
f 2201 2203 2202
f 2202 2203 2204
f 2202 2204 2184
f 2203 2181 2205
f 2203 2205 2204
f 2204 2205 2206
f 2204 2206 2184
f 2205 2181 2182
f 2205 2182 2206
f 2206 2182 2183
f 2206 2183 2184
f 2208 2207 2211
f 2208 2211 2209
f 2209 2211 2212
f 2209 2212 2210
f 2211 2207 2213
f 2211 2213 2212
f 2212 2213 2214
f 2212 2214 2210
f 2213 2207 2215
f 2213 2215 2214
f 2214 2215 2216
f 2214 2216 2210
f 2215 2207 2217
f 2215 2217 2216
f 2216 2217 2218
f 2216 2218 2210
f 2217 2207 2219
f 2217 2219 2218
f 2218 2219 2220
f 2218 2220 2210
f 2219 2207 2221
f 2219 2221 2220
f 2220 2221 2222
f 2220 2222 2210
f 2221 2207 2223
f 2221 2223 2222
f 2222 2223 2224
f 2222 2224 2210
f 2223 2207 2225
f 2223 2225 2224
f 2224 2225 2226
f 2224 2226 2210
f 2225 2207 2227
f 2225 2227 2226
f 2226 2227 2228
f 2226 2228 2210
f 2227 2207 2229
f 2227 2229 2228
f 2228 2229 2230
f 2228 2230 2210
f 2229 2207 2231
f 2229 2231 2230
f 2230 2231 2232
f 2230 2232 2210
f 2231 2207 2208
f 2231 2208 2232
f 2232 2208 2209
f 2232 2209 2210
f 2234 2233 2237
f 2234 2237 2235
f 2235 2237 2238
f 2235 2238 2236
f 2237 2233 2239
f 2237 2239 2238
f 2238 2239 2240
f 2238 2240 2236
f 2239 2233 2241
f 2239 2241 2240
f 2240 2241 2242
f 2240 2242 2236
f 2241 2233 2243
f 2241 2243 2242
f 2242 2243 2244
f 2242 2244 2236
f 2243 2233 2245
f 2243 2245 2244
f 2244 2245 2246
f 2244 2246 2236
f 2245 2233 2247
f 2245 2247 2246
f 2246 2247 2248
f 2246 2248 2236
f 2247 2233 2249
f 2247 2249 2248
f 2248 2249 2250
f 2248 2250 2236
f 2249 2233 2251
f 2249 2251 2250
f 2250 2251 2252
f 2250 2252 2236
f 2251 2233 2253
f 2251 2253 2252
f 2252 2253 2254
f 2252 2254 2236
f 2253 2233 2255
f 2253 2255 2254
f 2254 2255 2256
f 2254 2256 2236
f 2255 2233 2257
f 2255 2257 2256
f 2256 2257 2258
f 2256 2258 2236
f 2257 2233 2234
f 2257 2234 2258
f 2258 2234 2235
f 2258 2235 2236

