# https://github.com/mikedh/trimesh
v 0.00000000 0.00000000 0.00000000
v 0.95000000 0.00000000 0.00000000
v 0.95000000 0.00000000 0.30000000
v 0.00000000 0.00000000 0.30000000
v 0.93174602 0.18533581 0.00000000
v 0.93174602 0.18533581 0.30000000
v 0.87768556 0.36354926 0.00000000
v 0.87768556 0.36354926 0.30000000
v 0.78989613 0.52779172 0.00000000
v 0.78989613 0.52779172 0.30000000
v 0.67175144 0.67175144 0.00000000
v 0.67175144 0.67175144 0.30000000
v 0.52779172 0.78989613 0.00000000
v 0.52779172 0.78989613 0.30000000
v 0.36354926 0.87768556 0.00000000
v 0.36354926 0.87768556 0.30000000
v 0.18533581 0.93174602 0.00000000
v 0.18533581 0.93174602 0.30000000
v 0.00000000 0.95000000 0.00000000
v 0.00000000 0.95000000 0.30000000
v -0.18533581 0.93174602 0.00000000
v -0.18533581 0.93174602 0.30000000
v -0.36354926 0.87768556 0.00000000
v -0.36354926 0.87768556 0.30000000
v -0.52779172 0.78989613 0.00000000
v -0.52779172 0.78989613 0.30000000
v -0.67175144 0.67175144 0.00000000
v -0.67175144 0.67175144 0.30000000
v -0.78989613 0.52779172 0.00000000
v -0.78989613 0.52779172 0.30000000
v -0.87768556 0.36354926 0.00000000
v -0.87768556 0.36354926 0.30000000
v -0.93174602 0.18533581 0.00000000
v -0.93174602 0.18533581 0.30000000
v -0.95000000 0.00000000 0.00000000
v -0.95000000 0.00000000 0.30000000
v -0.93174602 -0.18533581 0.00000000
v -0.93174602 -0.18533581 0.30000000
v -0.87768556 -0.36354926 0.00000000
v -0.87768556 -0.36354926 0.30000000
v -0.78989613 -0.52779172 0.00000000
v -0.78989613 -0.52779172 0.30000000
v -0.67175144 -0.67175144 0.00000000
v -0.67175144 -0.67175144 0.30000000
v -0.52779172 -0.78989613 0.00000000
v -0.52779172 -0.78989613 0.30000000
v -0.36354926 -0.87768556 0.00000000
v -0.36354926 -0.87768556 0.30000000
v -0.18533581 -0.93174602 0.00000000
v -0.18533581 -0.93174602 0.30000000
v -0.00000000 -0.95000000 0.00000000
v -0.00000000 -0.95000000 0.30000000
v 0.18533581 -0.93174602 0.00000000
v 0.18533581 -0.93174602 0.30000000
v 0.36354926 -0.87768556 0.00000000
v 0.36354926 -0.87768556 0.30000000
v 0.52779172 -0.78989613 0.00000000
v 0.52779172 -0.78989613 0.30000000
v 0.67175144 -0.67175144 0.00000000
v 0.67175144 -0.67175144 0.30000000
v 0.78989613 -0.52779172 0.00000000
v 0.78989613 -0.52779172 0.30000000
v 0.87768556 -0.36354926 0.00000000
v 0.87768556 -0.36354926 0.30000000
v 0.93174602 -0.18533581 0.00000000
v 0.93174602 -0.18533581 0.30000000
v -0.31543867 0.51039049 1.95000000
v 0.31543867 0.51039049 1.95000000
v -0.31543867 -0.51039049 1.95000000
v 0.31543867 -0.51039049 1.95000000
v 0.00000000 -0.31543867 3.31104129
v 0.00000000 0.31543867 3.31104129
v 0.00000000 -0.31543867 0.58895871
v 0.00000000 0.31543867 0.58895871
v 0.51039049 0.00000000 1.10883022
v 0.51039049 0.00000000 2.79116978
v -0.51039049 0.00000000 1.10883022
v -0.51039049 0.00000000 2.79116978
v 0.00000000 0.60000000 1.95000000
v 0.00000000 -0.60000000 1.95000000
v -0.18541020 -0.48541020 2.75000000
v 0.18541020 -0.48541020 2.75000000
v -0.18541020 0.48541020 2.75000000
v 0.18541020 0.48541020 2.75000000
v 0.00000000 0.00000000 3.55000000
v -0.18541020 -0.48541020 1.15000000
v 0.18541020 -0.48541020 1.15000000
v -0.18541020 0.48541020 1.15000000
v 0.18541020 0.48541020 1.15000000
v 0.00000000 0.00000000 0.35000000
v 0.48541020 0.30000000 1.45557281
v 0.48541020 -0.30000000 1.45557281
v 0.30000000 -0.18541020 0.65557281
v 0.30000000 0.18541020 0.65557281
v 0.48541020 0.30000000 2.44442719
v 0.48541020 -0.30000000 2.44442719
v 0.30000000 -0.18541020 3.24442719
v 0.30000000 0.18541020 3.24442719
v 0.60000000 0.00000000 1.95000000
v -0.48541020 0.30000000 1.45557281
v -0.48541020 -0.30000000 1.45557281
v -0.30000000 -0.18541020 0.65557281
v -0.30000000 0.18541020 0.65557281
v -0.48541020 0.30000000 2.44442719
v -0.48541020 -0.30000000 2.44442719
v -0.30000000 -0.18541020 3.24442719
v -0.30000000 0.18541020 3.24442719
v -0.60000000 0.00000000 1.95000000
v -0.16395992 0.57716301 1.95000000
v 0.16395992 0.57716301 1.95000000
v -0.16395992 -0.57716301 1.95000000
v 0.16395992 -0.57716301 1.95000000
v -0.26033314 -0.51760109 2.36582706
v -0.09637322 -0.41626829 3.07327431
v -0.09747591 -0.57063391 2.37058489
v 0.26033314 -0.51760109 2.36582706
v 0.09637322 -0.41626829 3.07327431
v 0.09747591 -0.57063391 2.37058489
v 0.00000000 -0.51039049 2.79116978
v -0.26033314 0.51760109 2.36582706
v -0.09637322 0.41626829 3.07327431
v -0.09747591 0.57063391 2.37058489
v 0.26033314 0.51760109 2.36582706
v 0.09637322 0.41626829 3.07327431
v 0.09747591 0.57063391 2.37058489
v 0.00000000 0.51039049 2.79116978
v 0.00000000 -0.16395992 3.48910137
v 0.00000000 0.16395992 3.48910137
v -0.26033314 -0.51760109 1.53417294
v -0.09637322 -0.41626829 0.82672569
v -0.09747591 -0.57063391 1.52941511
v 0.26033314 -0.51760109 1.53417294
v 0.09637322 -0.41626829 0.82672569
v 0.09747591 -0.57063391 1.52941511
v 0.00000000 -0.51039049 1.10883022
v -0.26033314 0.51760109 1.53417294
v -0.09637322 0.41626829 0.82672569
v -0.09747591 0.57063391 1.52941511
v 0.26033314 0.51760109 1.53417294
v 0.09637322 0.41626829 0.82672569
v 0.09747591 0.57063391 1.52941511
v 0.00000000 0.51039049 1.10883022
v 0.00000000 -0.16395992 0.41089863
v 0.00000000 0.16395992 0.41089863
v 0.41626829 0.42122787 1.69300474
v 0.51760109 0.15593515 1.25577830
v 0.35267115 0.41291458 1.26947935
v 0.41626829 -0.42122787 1.69300474
v 0.51760109 -0.15593515 1.25577830
v 0.35267115 -0.41291458 1.26947935
v 0.15593515 -0.26033314 0.56973043
v 0.42122787 -0.09637322 0.83995124
v 0.25519524 -0.35267115 0.84889446
v 0.15771933 -0.09747591 0.42830957
v 0.41291458 -0.25519524 1.00954360
v 0.15593515 0.26033314 0.56973043
v 0.42122787 0.09637322 0.83995124
v 0.25519524 0.35267115 0.84889446
v 0.15771933 0.09747591 0.42830957
v 0.41291458 0.25519524 1.00954360
v 0.31543867 0.00000000 0.58895871
v 0.41626829 0.42122787 2.20699526
v 0.51760109 0.15593515 2.64422170
v 0.35267115 0.41291458 2.63052065
v 0.51039049 0.31543867 1.95000000
v 0.41626829 -0.42122787 2.20699526
v 0.51760109 -0.15593515 2.64422170
v 0.35267115 -0.41291458 2.63052065
v 0.51039049 -0.31543867 1.95000000
v 0.15593515 -0.26033314 3.33026957
v 0.42122787 -0.09637322 3.06004876
v 0.25519524 -0.35267115 3.05110554
v 0.15771933 -0.09747591 3.47169043
v 0.41291458 -0.25519524 2.89045640
v 0.15593515 0.26033314 3.33026957
v 0.42122787 0.09637322 3.06004876
v 0.25519524 0.35267115 3.05110554
v 0.15771933 0.09747591 3.47169043
v 0.41291458 0.25519524 2.89045640
v 0.31543867 0.00000000 3.31104129
v 0.57716301 0.00000000 1.51277355
v 0.57716301 0.00000000 2.38722645
v 0.57063391 0.15771933 1.69006424
v 0.57063391 -0.15771933 1.69006424
v 0.57063391 0.15771933 2.20993576
v 0.57063391 -0.15771933 2.20993576
v -0.41626829 0.42122787 1.69300474
v -0.51760109 0.15593515 1.25577830
v -0.35267115 0.41291458 1.26947935
v -0.41626829 -0.42122787 1.69300474
v -0.51760109 -0.15593515 1.25577830
v -0.35267115 -0.41291458 1.26947935
v -0.15593515 -0.26033314 0.56973043
v -0.42122787 -0.09637322 0.83995124
v -0.25519524 -0.35267115 0.84889446
v -0.15771933 -0.09747591 0.42830957
v -0.41291458 -0.25519524 1.00954360
v -0.15593515 0.26033314 0.56973043
v -0.42122787 0.09637322 0.83995124
v -0.25519524 0.35267115 0.84889446
v -0.15771933 0.09747591 0.42830957
v -0.41291458 0.25519524 1.00954360
v -0.31543867 0.00000000 0.58895871
v -0.41626829 0.42122787 2.20699526
v -0.51760109 0.15593515 2.64422170
v -0.35267115 0.41291458 2.63052065
v -0.51039049 0.31543867 1.95000000
v -0.41626829 -0.42122787 2.20699526
v -0.51760109 -0.15593515 2.64422170
v -0.35267115 -0.41291458 2.63052065
v -0.51039049 -0.31543867 1.95000000
v -0.15593515 -0.26033314 3.33026957
v -0.42122787 -0.09637322 3.06004876
v -0.25519524 -0.35267115 3.05110554
v -0.15771933 -0.09747591 3.47169043
v -0.41291458 -0.25519524 2.89045640
v -0.15593515 0.26033314 3.33026957
v -0.42122787 0.09637322 3.06004876
v -0.25519524 0.35267115 3.05110554
v -0.15771933 0.09747591 3.47169043
v -0.41291458 0.25519524 2.89045640
v -0.31543867 0.00000000 3.31104129
v -0.57716301 0.00000000 1.51277355
v -0.57716301 0.00000000 2.38722645
v -0.57063391 0.15771933 1.69006424
v -0.57063391 -0.15771933 1.69006424
v -0.57063391 0.15771933 2.20993576
v -0.57063391 -0.15771933 2.20993576
v -0.24201321 0.54902605 1.95000000
v -0.08277135 0.59426333 1.95000000
v 0.24201321 0.54902605 1.95000000
v 0.08277135 0.59426333 1.95000000
v -0.24201321 -0.54902605 1.95000000
v -0.08277135 -0.59426333 1.95000000
v 0.24201321 -0.54902605 1.95000000
v 0.08277135 -0.59426333 1.95000000
v -0.29066499 -0.51895760 2.15992061
v -0.22502314 -0.50634688 2.56378197
v -0.21493728 -0.55458276 2.16064859
v -0.04865178 -0.36938521 3.20414887
v -0.14225180 -0.45519138 2.92092024
v -0.04934548 -0.59261300 2.16291377
v -0.14320616 -0.53460391 2.56789982
v -0.13207022 -0.57983556 2.16246796
v -0.18075533 -0.54974651 2.37253240
v 0.29066499 -0.51895760 2.15992061
v 0.22502314 -0.50634688 2.56378197
v 0.21493728 -0.55458276 2.16064859
v 0.04865178 -0.36938521 3.20414887
v 0.14225180 -0.45519138 2.92092024
v 0.00000000 -0.42174422 3.08805078
v 0.04934548 -0.59261300 2.16291377
v 0.14320616 -0.53460391 2.56789982
v 0.13207022 -0.57983556 2.16246796
v 0.00000000 -0.57831676 2.37624752
v 0.18075533 -0.54974651 2.37253240
v -0.09386068 -0.50410673 2.78081358
v 0.09386068 -0.50410673 2.78081358
v -0.04868511 -0.46812262 2.94238333
v -0.04939415 -0.54778950 2.58937128
v 0.04868511 -0.46812262 2.94238333
v 0.04939415 -0.54778950 2.58937128
v -0.29066499 0.51895760 2.15992061
v -0.22502314 0.50634688 2.56378197
v -0.21493728 0.55458276 2.16064859
v -0.04865178 0.36938521 3.20414887
v -0.14225180 0.45519138 2.92092024
v -0.04934548 0.59261300 2.16291377
v -0.14320616 0.53460391 2.56789982
v -0.13207022 0.57983556 2.16246796
v -0.18075533 0.54974651 2.37253240
v 0.29066499 0.51895760 2.15992061
v 0.22502314 0.50634688 2.56378197
v 0.21493728 0.55458276 2.16064859
v 0.04865178 0.36938521 3.20414887
v 0.14225180 0.45519138 2.92092024
v 0.00000000 0.42174422 3.08805078
v 0.04934548 0.59261300 2.16291377
v 0.14320616 0.53460391 2.56789982
v 0.13207022 0.57983556 2.16246796
v 0.00000000 0.57831676 2.37624752
v 0.18075533 0.54974651 2.37253240
v -0.09386068 0.50410673 2.78081358
v 0.09386068 0.50410673 2.78081358
v -0.04868511 0.46812262 2.94238333
v -0.04939415 0.54778950 2.58937128
v 0.04868511 0.46812262 2.94238333
v 0.04939415 0.54778950 2.58937128
v 0.00000000 -0.24201321 3.41406947
v 0.00000000 -0.08277135 3.53470221
v 0.00000000 0.24201321 3.41406947
v 0.00000000 0.08277135 3.53470221
v -0.29066499 -0.51895760 1.74007939
v -0.22502314 -0.50634688 1.33621803
v -0.21493728 -0.55458276 1.73935141
v -0.04865178 -0.36938521 0.69585113
v -0.14225180 -0.45519138 0.97907976
v -0.04934548 -0.59261300 1.73708623
v -0.14320616 -0.53460391 1.33210018
v -0.13207022 -0.57983556 1.73753204
v -0.18075533 -0.54974651 1.52746760
v 0.29066499 -0.51895760 1.74007939
v 0.22502314 -0.50634688 1.33621803
v 0.21493728 -0.55458276 1.73935141
v 0.04865178 -0.36938521 0.69585113
v 0.14225180 -0.45519138 0.97907976
v 0.00000000 -0.42174422 0.81194922
v 0.04934548 -0.59261300 1.73708623
v 0.14320616 -0.53460391 1.33210018
v 0.13207022 -0.57983556 1.73753204
v 0.00000000 -0.57831676 1.52375248
v 0.18075533 -0.54974651 1.52746760
v -0.09386068 -0.50410673 1.11918642
v 0.09386068 -0.50410673 1.11918642
v -0.04868511 -0.46812262 0.95761667
v -0.04939415 -0.54778950 1.31062872
v 0.04868511 -0.46812262 0.95761667
v 0.04939415 -0.54778950 1.31062872
v -0.29066499 0.51895760 1.74007939
v -0.22502314 0.50634688 1.33621803
v -0.21493728 0.55458276 1.73935141
v -0.04865178 0.36938521 0.69585113
v -0.14225180 0.45519138 0.97907976
v -0.04934548 0.59261300 1.73708623
v -0.14320616 0.53460391 1.33210018
v -0.13207022 0.57983556 1.73753204
v -0.18075533 0.54974651 1.52746760
v 0.29066499 0.51895760 1.74007939
v 0.22502314 0.50634688 1.33621803
v 0.21493728 0.55458276 1.73935141
v 0.04865178 0.36938521 0.69585113
v 0.14225180 0.45519138 0.97907976
v 0.00000000 0.42174422 0.81194922
v 0.04934548 0.59261300 1.73708623
v 0.14320616 0.53460391 1.33210018
v 0.13207022 0.57983556 1.73753204
v 0.00000000 0.57831676 1.52375248
v 0.18075533 0.54974651 1.52746760
v -0.09386068 0.50410673 1.11918642
v 0.09386068 0.50410673 1.11918642
v -0.04868511 0.46812262 0.95761667
v -0.04939415 0.54778950 1.31062872
v 0.04868511 0.46812262 0.95761667
v 0.04939415 0.54778950 1.31062872
v 0.00000000 -0.24201321 0.48593053
v 0.00000000 -0.08277135 0.36529779
v 0.00000000 0.24201321 0.48593053
v 0.00000000 0.08277135 0.36529779
v 0.36938521 0.47030583 1.82026193
v 0.45519138 0.36409509 1.57066188
v 0.34275100 0.47558954 1.60916341
v 0.51895760 0.07872023 1.17489337
v 0.50634688 0.23016824 1.34993829
v 0.27239430 0.45476125 1.20051224
v 0.42426407 0.36090057 1.35520314
v 0.30967297 0.47007102 1.39615518
v 0.38844714 0.42138591 1.47639265
v 0.36938521 -0.47030583 1.82026193
v 0.45519138 -0.36409509 1.57066188
v 0.34275100 -0.47558954 1.60916341
v 0.51895760 -0.07872023 1.17489337
v 0.50634688 -0.23016824 1.34993829
v 0.27239430 -0.45476125 1.20051224
v 0.42426407 -0.36090057 1.35520314
v 0.30967297 -0.47007102 1.39615518
v 0.38844714 -0.42138591 1.47639265
v 0.07872023 -0.29066499 0.56611306
v 0.23016824 -0.22502314 0.59974164
v 0.12781372 -0.34275100 0.68176123
v 0.07899322 -0.21493728 0.47111264
v 0.47030583 -0.04865178 0.96497277
v 0.36409509 -0.14225180 0.73615632
v 0.47558954 -0.12781372 1.03599735
v 0.22304882 -0.42426407 0.98759847
v 0.28105791 -0.27239430 0.73730333
v 0.17760276 -0.38844714 0.82630425
v 0.30802526 -0.38794668 1.04719326
v 0.20769181 -0.30967297 0.69647728
v 0.07984266 -0.04934548 0.36969866
v 0.23171243 -0.14320616 0.52438956
v 0.07967549 -0.13207022 0.40377184
v 0.15844965 -0.18075533 0.48400932
v 0.45476125 -0.28105791 1.22361520
v 0.36090057 -0.22304882 0.81862915
v 0.47007102 -0.20769181 1.12420541
v 0.38794668 -0.33855253 1.12859929
v 0.42138591 -0.17760276 0.91414097
v 0.33855253 -0.30802526 0.91547553
v 0.07872023 0.29066499 0.56611306
v 0.23016824 0.22502314 0.59974164
v 0.12781372 0.34275100 0.68176123
v 0.07899322 0.21493728 0.47111264
v 0.47030583 0.04865178 0.96497277
v 0.36409509 0.14225180 0.73615632
v 0.47558954 0.12781372 1.03599735
v 0.42676904 0.00000000 0.82534875
v 0.22304882 0.42426407 0.98759847
v 0.28105791 0.27239430 0.73730333
v 0.17760276 0.38844714 0.82630425
v 0.30802526 0.38794668 1.04719326
v 0.20769181 0.30967297 0.69647728
v 0.07984266 0.04934548 0.36969866
v 0.23171243 0.14320616 0.52438956
v 0.07967549 0.13207022 0.40377184
v 0.15984282 0.00000000 0.40782198
v 0.15844965 0.18075533 0.48400932
v 0.45476125 0.28105791 1.22361520
v 0.36090057 0.22304882 0.81862915
v 0.47007102 0.20769181 1.12420541
v 0.38794668 0.33855253 1.12859929
v 0.42138591 0.17760276 0.91414097
v 0.33855253 0.30802526 0.91547553
v 0.31155509 -0.09386068 0.60571538
v 0.31155509 0.09386068 0.60571538
v 0.37214375 -0.04868511 0.70167301
v 0.23976423 -0.04939415 0.48922801
v 0.37214375 0.04868511 0.70167301
v 0.23976423 0.04939415 0.48922801
v 0.36938521 0.47030583 2.07973807
v 0.45519138 0.36409509 2.32933812
v 0.34275100 0.47558954 2.29083659
v 0.42174422 0.42676904 1.95000000
v 0.51895760 0.07872023 2.72510663
v 0.50634688 0.23016824 2.55006171
v 0.27239430 0.45476125 2.69948776
v 0.42426407 0.36090057 2.54479686
v 0.30967297 0.47007102 2.50384482
v 0.38844714 0.42138591 2.42360735
v 0.50410673 0.31155509 1.69970486
v 0.50410673 0.31155509 2.20029514
v 0.46812262 0.37214375 1.82017304
v 0.46812262 0.37214375 2.07982696
v 0.36938521 -0.47030583 2.07973807
v 0.45519138 -0.36409509 2.32933812
v 0.34275100 -0.47558954 2.29083659
v 0.42174422 -0.42676904 1.95000000
v 0.51895760 -0.07872023 2.72510663
v 0.50634688 -0.23016824 2.55006171
v 0.27239430 -0.45476125 2.69948776
v 0.42426407 -0.36090057 2.54479686
v 0.30967297 -0.47007102 2.50384482
v 0.38844714 -0.42138591 2.42360735
v 0.50410673 -0.31155509 1.69970486
v 0.50410673 -0.31155509 2.20029514
v 0.46812262 -0.37214375 1.82017304
v 0.46812262 -0.37214375 2.07982696
v 0.07872023 -0.29066499 3.33388694
v 0.23016824 -0.22502314 3.30025836
v 0.12781372 -0.34275100 3.21823877
v 0.07899322 -0.21493728 3.42888736
v 0.47030583 -0.04865178 2.93502723
v 0.36409509 -0.14225180 3.16384368
v 0.47558954 -0.12781372 2.86400265
v 0.22304882 -0.42426407 2.91240153
v 0.28105791 -0.27239430 3.16269667
v 0.17760276 -0.38844714 3.07369575
v 0.30802526 -0.38794668 2.85280674
v 0.20769181 -0.30967297 3.20352272
v 0.07984266 -0.04934548 3.53030134
v 0.23171243 -0.14320616 3.37561044
v 0.07967549 -0.13207022 3.49622816
v 0.15844965 -0.18075533 3.41599068
v 0.45476125 -0.28105791 2.67638480
v 0.36090057 -0.22304882 3.08137085
v 0.47007102 -0.20769181 2.77579459
v 0.38794668 -0.33855253 2.77140071
v 0.42138591 -0.17760276 2.98585903
v 0.33855253 -0.30802526 2.98452447
v 0.07872023 0.29066499 3.33388694
v 0.23016824 0.22502314 3.30025836
v 0.12781372 0.34275100 3.21823877
v 0.07899322 0.21493728 3.42888736
v 0.47030583 0.04865178 2.93502723
v 0.36409509 0.14225180 3.16384368
v 0.47558954 0.12781372 2.86400265
v 0.42676904 0.00000000 3.07465125
v 0.22304882 0.42426407 2.91240153
v 0.28105791 0.27239430 3.16269667
v 0.17760276 0.38844714 3.07369575
v 0.30802526 0.38794668 2.85280674
v 0.20769181 0.30967297 3.20352272
v 0.07984266 0.04934548 3.53030134
v 0.23171243 0.14320616 3.37561044
v 0.07967549 0.13207022 3.49622816
v 0.15984282 0.00000000 3.49217802
v 0.15844965 0.18075533 3.41599068
v 0.45476125 0.28105791 2.67638480
v 0.36090057 0.22304882 3.08137085
v 0.47007102 0.20769181 2.77579459
v 0.38794668 0.33855253 2.77140071
v 0.42138591 0.17760276 2.98585903
v 0.33855253 0.30802526 2.98452447
v 0.31155509 -0.09386068 3.29428462
v 0.31155509 0.09386068 3.29428462
v 0.37214375 -0.04868511 3.19832699
v 0.23976423 -0.04939415 3.41077199
v 0.37214375 0.04868511 3.19832699
v 0.23976423 0.04939415 3.41077199
v 0.54902605 0.00000000 1.30463144
v 0.59426333 0.00000000 1.72927641
v 0.55458276 0.07899322 1.37683393
v 0.55458276 -0.07899322 1.37683393
v 0.54902605 0.00000000 2.59536856
v 0.59426333 0.00000000 2.17072359
v 0.55458276 0.07899322 2.52316607
v 0.55458276 -0.07899322 2.52316607
v 0.53460391 0.23171243 1.56811691
v 0.59261300 0.07984266 1.81841206
v 0.54974651 0.15844965 1.46798579
v 0.54778950 0.23976423 1.81828227
v 0.57983556 0.07967549 1.59781276
v 0.53460391 -0.23171243 1.56811691
v 0.59261300 -0.07984266 1.81841206
v 0.54974651 -0.15844965 1.46798579
v 0.54778950 -0.23976423 1.81828227
v 0.57983556 -0.07967549 1.59781276
v 0.53460391 0.23171243 2.33188309
v 0.59261300 0.07984266 2.08158794
v 0.54974651 0.15844965 2.43201421
v 0.54778950 0.23976423 2.08171773
v 0.57983556 0.07967549 2.30218724
v 0.57831676 0.15984282 1.95000000
v 0.53460391 -0.23171243 2.33188309
v 0.59261300 -0.07984266 2.08158794
v 0.54974651 -0.15844965 2.43201421
v 0.54778950 -0.23976423 2.08171773
v 0.57983556 -0.07967549 2.30218724
v 0.57831676 -0.15984282 1.95000000
v -0.36938521 0.47030583 1.82026193
v -0.45519138 0.36409509 1.57066188
v -0.34275100 0.47558954 1.60916341
v -0.51895760 0.07872023 1.17489337
v -0.50634688 0.23016824 1.34993829
v -0.27239430 0.45476125 1.20051224
v -0.42426407 0.36090057 1.35520314
v -0.30967297 0.47007102 1.39615518
v -0.38844714 0.42138591 1.47639265
v -0.36938521 -0.47030583 1.82026193
v -0.45519138 -0.36409509 1.57066188
v -0.34275100 -0.47558954 1.60916341
v -0.51895760 -0.07872023 1.17489337
v -0.50634688 -0.23016824 1.34993829
v -0.27239430 -0.45476125 1.20051224
v -0.42426407 -0.36090057 1.35520314
v -0.30967297 -0.47007102 1.39615518
v -0.38844714 -0.42138591 1.47639265
v -0.07872023 -0.29066499 0.56611306
v -0.23016824 -0.22502314 0.59974164
v -0.12781372 -0.34275100 0.68176123
v -0.07899322 -0.21493728 0.47111264
v -0.47030583 -0.04865178 0.96497277
v -0.36409509 -0.14225180 0.73615632
v -0.47558954 -0.12781372 1.03599735
v -0.22304882 -0.42426407 0.98759847
v -0.28105791 -0.27239430 0.73730333
v -0.17760276 -0.38844714 0.82630425
v -0.30802526 -0.38794668 1.04719326
v -0.20769181 -0.30967297 0.69647728
v -0.07984266 -0.04934548 0.36969866
v -0.23171243 -0.14320616 0.52438956
v -0.07967549 -0.13207022 0.40377184
v -0.15844965 -0.18075533 0.48400932
v -0.45476125 -0.28105791 1.22361520
v -0.36090057 -0.22304882 0.81862915
v -0.47007102 -0.20769181 1.12420541
v -0.38794668 -0.33855253 1.12859929
v -0.42138591 -0.17760276 0.91414097
v -0.33855253 -0.30802526 0.91547553
v -0.07872023 0.29066499 0.56611306
v -0.23016824 0.22502314 0.59974164
v -0.12781372 0.34275100 0.68176123
v -0.07899322 0.21493728 0.47111264
v -0.47030583 0.04865178 0.96497277
v -0.36409509 0.14225180 0.73615632
v -0.47558954 0.12781372 1.03599735
v -0.42676904 0.00000000 0.82534875
v -0.22304882 0.42426407 0.98759847
v -0.28105791 0.27239430 0.73730333
v -0.17760276 0.38844714 0.82630425
v -0.30802526 0.38794668 1.04719326
v -0.20769181 0.30967297 0.69647728
v -0.07984266 0.04934548 0.36969866
v -0.23171243 0.14320616 0.52438956
v -0.07967549 0.13207022 0.40377184
v -0.15984282 0.00000000 0.40782198
v -0.15844965 0.18075533 0.48400932
v -0.45476125 0.28105791 1.22361520
v -0.36090057 0.22304882 0.81862915
v -0.47007102 0.20769181 1.12420541
v -0.38794668 0.33855253 1.12859929
v -0.42138591 0.17760276 0.91414097
v -0.33855253 0.30802526 0.91547553
v -0.31155509 -0.09386068 0.60571538
v -0.31155509 0.09386068 0.60571538
v -0.37214375 -0.04868511 0.70167301
v -0.23976423 -0.04939415 0.48922801
v -0.37214375 0.04868511 0.70167301
v -0.23976423 0.04939415 0.48922801
v -0.36938521 0.47030583 2.07973807
v -0.45519138 0.36409509 2.32933812
v -0.34275100 0.47558954 2.29083659
v -0.42174422 0.42676904 1.95000000
v -0.51895760 0.07872023 2.72510663
v -0.50634688 0.23016824 2.55006171
v -0.27239430 0.45476125 2.69948776
v -0.42426407 0.36090057 2.54479686
v -0.30967297 0.47007102 2.50384482
v -0.38844714 0.42138591 2.42360735
v -0.50410673 0.31155509 1.69970486
v -0.50410673 0.31155509 2.20029514
v -0.46812262 0.37214375 1.82017304
v -0.46812262 0.37214375 2.07982696
v -0.36938521 -0.47030583 2.07973807
v -0.45519138 -0.36409509 2.32933812
v -0.34275100 -0.47558954 2.29083659
v -0.42174422 -0.42676904 1.95000000
v -0.51895760 -0.07872023 2.72510663
v -0.50634688 -0.23016824 2.55006171
v -0.27239430 -0.45476125 2.69948776
v -0.42426407 -0.36090057 2.54479686
v -0.30967297 -0.47007102 2.50384482
v -0.38844714 -0.42138591 2.42360735
v -0.50410673 -0.31155509 1.69970486
v -0.50410673 -0.31155509 2.20029514
v -0.46812262 -0.37214375 1.82017304
v -0.46812262 -0.37214375 2.07982696
v -0.07872023 -0.29066499 3.33388694
v -0.23016824 -0.22502314 3.30025836
v -0.12781372 -0.34275100 3.21823877
v -0.07899322 -0.21493728 3.42888736
v -0.47030583 -0.04865178 2.93502723
v -0.36409509 -0.14225180 3.16384368
v -0.47558954 -0.12781372 2.86400265
v -0.22304882 -0.42426407 2.91240153
v -0.28105791 -0.27239430 3.16269667
v -0.17760276 -0.38844714 3.07369575
v -0.30802526 -0.38794668 2.85280674
v -0.20769181 -0.30967297 3.20352272
v -0.07984266 -0.04934548 3.53030134
v -0.23171243 -0.14320616 3.37561044
v -0.07967549 -0.13207022 3.49622816
v -0.15844965 -0.18075533 3.41599068
v -0.45476125 -0.28105791 2.67638480
v -0.36090057 -0.22304882 3.08137085
v -0.47007102 -0.20769181 2.77579459
v -0.38794668 -0.33855253 2.77140071
v -0.42138591 -0.17760276 2.98585903
v -0.33855253 -0.30802526 2.98452447
v -0.07872023 0.29066499 3.33388694
v -0.23016824 0.22502314 3.30025836
v -0.12781372 0.34275100 3.21823877
v -0.07899322 0.21493728 3.42888736
v -0.47030583 0.04865178 2.93502723
v -0.36409509 0.14225180 3.16384368
v -0.47558954 0.12781372 2.86400265
v -0.42676904 0.00000000 3.07465125
v -0.22304882 0.42426407 2.91240153
v -0.28105791 0.27239430 3.16269667
v -0.17760276 0.38844714 3.07369575
v -0.30802526 0.38794668 2.85280674
v -0.20769181 0.30967297 3.20352272
v -0.07984266 0.04934548 3.53030134
v -0.23171243 0.14320616 3.37561044
v -0.07967549 0.13207022 3.49622816
v -0.15984282 0.00000000 3.49217802
v -0.15844965 0.18075533 3.41599068
v -0.45476125 0.28105791 2.67638480
v -0.36090057 0.22304882 3.08137085
v -0.47007102 0.20769181 2.77579459
v -0.38794668 0.33855253 2.77140071
v -0.42138591 0.17760276 2.98585903
v -0.33855253 0.30802526 2.98452447
v -0.31155509 -0.09386068 3.29428462
v -0.31155509 0.09386068 3.29428462
v -0.37214375 -0.04868511 3.19832699
v -0.23976423 -0.04939415 3.41077199
v -0.37214375 0.04868511 3.19832699
v -0.23976423 0.04939415 3.41077199
v -0.54902605 0.00000000 1.30463144
v -0.59426333 0.00000000 1.72927641
v -0.55458276 0.07899322 1.37683393
v -0.55458276 -0.07899322 1.37683393
v -0.54902605 0.00000000 2.59536856
v -0.59426333 0.00000000 2.17072359
v -0.55458276 0.07899322 2.52316607
v -0.55458276 -0.07899322 2.52316607
v -0.53460391 0.23171243 1.56811691
v -0.59261300 0.07984266 1.81841206
v -0.54974651 0.15844965 1.46798579
v -0.54778950 0.23976423 1.81828227
v -0.57983556 0.07967549 1.59781276
v -0.53460391 -0.23171243 1.56811691
v -0.59261300 -0.07984266 1.81841206
v -0.54974651 -0.15844965 1.46798579
v -0.54778950 -0.23976423 1.81828227
v -0.57983556 -0.07967549 1.59781276
v -0.53460391 0.23171243 2.33188309
v -0.59261300 0.07984266 2.08158794
v -0.54974651 0.15844965 2.43201421
v -0.54778950 0.23976423 2.08171773
v -0.57983556 0.07967549 2.30218724
v -0.57831676 0.15984282 1.95000000
v -0.53460391 -0.23171243 2.33188309
v -0.59261300 -0.07984266 2.08158794
v -0.54974651 -0.15844965 2.43201421
v -0.54778950 -0.23976423 2.08171773
v -0.57983556 -0.07967549 2.30218724
v -0.57831676 -0.15984282 1.95000000
v -0.34172522 0.55292303 4.30000000
v 0.34172522 0.55292303 4.30000000
v -0.34172522 -0.55292303 4.30000000
v 0.34172522 -0.55292303 4.30000000
v 0.00000000 -0.34172522 4.98052065
v 0.00000000 0.34172522 4.98052065
v 0.00000000 -0.34172522 3.61947935
v 0.00000000 0.34172522 3.61947935
v 0.55292303 0.00000000 3.87941511
v 0.55292303 0.00000000 4.72058489
v -0.55292303 0.00000000 3.87941511
v -0.55292303 0.00000000 4.72058489
v 0.00000000 0.65000000 4.30000000
v 0.00000000 -0.65000000 4.30000000
v -0.20086105 -0.52586105 4.70000000
v 0.20086105 -0.52586105 4.70000000
v -0.20086105 0.52586105 4.70000000
v 0.20086105 0.52586105 4.70000000
v 0.00000000 0.00000000 5.10000000
v -0.20086105 -0.52586105 3.90000000
v 0.20086105 -0.52586105 3.90000000
v -0.20086105 0.52586105 3.90000000
v 0.20086105 0.52586105 3.90000000
v 0.00000000 0.00000000 3.50000000
v 0.52586105 0.32500000 4.05278640
v 0.52586105 -0.32500000 4.05278640
v 0.32500000 -0.20086105 3.65278640
v 0.32500000 0.20086105 3.65278640
v 0.52586105 0.32500000 4.54721360
v 0.52586105 -0.32500000 4.54721360
v 0.32500000 -0.20086105 4.94721360
v 0.32500000 0.20086105 4.94721360
v 0.65000000 0.00000000 4.30000000
v -0.52586105 0.32500000 4.05278640
v -0.52586105 -0.32500000 4.05278640
v -0.32500000 -0.20086105 3.65278640
v -0.32500000 0.20086105 3.65278640
v -0.52586105 0.32500000 4.54721360
v -0.52586105 -0.32500000 4.54721360
v -0.32500000 -0.20086105 4.94721360
v -0.32500000 0.20086105 4.94721360
v -0.65000000 0.00000000 4.30000000
v -0.17762324 0.62525993 4.30000000
v 0.17762324 0.62525993 4.30000000
v -0.17762324 -0.62525993 4.30000000
v 0.17762324 -0.62525993 4.30000000
v -0.28202757 -0.56073451 4.50791353
v -0.10440432 -0.45095731 4.86163716
v -0.10559890 -0.61818674 4.51029244
v 0.28202757 -0.56073451 4.50791353
v 0.10440432 -0.45095731 4.86163716
v 0.10559890 -0.61818674 4.51029244
v 0.00000000 -0.55292303 4.72058489
v -0.28202757 0.56073451 4.50791353
v -0.10440432 0.45095731 4.86163716
v -0.10559890 0.61818674 4.51029244
v 0.28202757 0.56073451 4.50791353
v 0.10440432 0.45095731 4.86163716
v 0.10559890 0.61818674 4.51029244
v 0.00000000 0.55292303 4.72058489
v 0.00000000 -0.17762324 5.06955069
v 0.00000000 0.17762324 5.06955069
v -0.28202757 -0.56073451 4.09208647
v -0.10440432 -0.45095731 3.73836284
v -0.10559890 -0.61818674 4.08970756
v 0.28202757 -0.56073451 4.09208647
v 0.10440432 -0.45095731 3.73836284
v 0.10559890 -0.61818674 4.08970756
v 0.00000000 -0.55292303 3.87941511
v -0.28202757 0.56073451 4.09208647
v -0.10440432 0.45095731 3.73836284
v -0.10559890 0.61818674 4.08970756
v 0.28202757 0.56073451 4.09208647
v 0.10440432 0.45095731 3.73836284
v 0.10559890 0.61818674 4.08970756
v 0.00000000 0.55292303 3.87941511
v 0.00000000 -0.17762324 3.53044931
v 0.00000000 0.17762324 3.53044931
v 0.45095731 0.45633019 4.17150237
v 0.56073451 0.16892974 3.95288915
v 0.38206041 0.44732412 3.95973968
v 0.45095731 -0.45633019 4.17150237
v 0.56073451 -0.16892974 3.95288915
v 0.38206041 -0.44732412 3.95973968
v 0.16892974 -0.28202757 3.60986522
v 0.45633019 -0.10440432 3.74497562
v 0.27646151 -0.38206041 3.74944723
v 0.17086261 -0.10559890 3.53915479
v 0.44732412 -0.27646151 3.82977180
v 0.16892974 0.28202757 3.60986522
v 0.45633019 0.10440432 3.74497562
v 0.27646151 0.38206041 3.74944723
v 0.17086261 0.10559890 3.53915479
v 0.44732412 0.27646151 3.82977180
v 0.34172522 0.00000000 3.61947935
v 0.45095731 0.45633019 4.42849763
v 0.56073451 0.16892974 4.64711085
v 0.38206041 0.44732412 4.64026032
v 0.55292303 0.34172522 4.30000000
v 0.45095731 -0.45633019 4.42849763
v 0.56073451 -0.16892974 4.64711085
v 0.38206041 -0.44732412 4.64026032
v 0.55292303 -0.34172522 4.30000000
v 0.16892974 -0.28202757 4.99013478
v 0.45633019 -0.10440432 4.85502438
v 0.27646151 -0.38206041 4.85055277
v 0.17086261 -0.10559890 5.06084521
v 0.44732412 -0.27646151 4.77022820
v 0.16892974 0.28202757 4.99013478
v 0.45633019 0.10440432 4.85502438
v 0.27646151 0.38206041 4.85055277
v 0.17086261 0.10559890 5.06084521
v 0.44732412 0.27646151 4.77022820
v 0.34172522 0.00000000 4.98052065
v 0.62525993 0.00000000 4.08138678
v 0.62525993 0.00000000 4.51861322
v 0.61818674 0.17086261 4.17003212
v 0.61818674 -0.17086261 4.17003212
v 0.61818674 0.17086261 4.42996788
v 0.61818674 -0.17086261 4.42996788
v -0.45095731 0.45633019 4.17150237
v -0.56073451 0.16892974 3.95288915
v -0.38206041 0.44732412 3.95973968
v -0.45095731 -0.45633019 4.17150237
v -0.56073451 -0.16892974 3.95288915
v -0.38206041 -0.44732412 3.95973968
v -0.16892974 -0.28202757 3.60986522
v -0.45633019 -0.10440432 3.74497562
v -0.27646151 -0.38206041 3.74944723
v -0.17086261 -0.10559890 3.53915479
v -0.44732412 -0.27646151 3.82977180
v -0.16892974 0.28202757 3.60986522
v -0.45633019 0.10440432 3.74497562
v -0.27646151 0.38206041 3.74944723
v -0.17086261 0.10559890 3.53915479
v -0.44732412 0.27646151 3.82977180
v -0.34172522 0.00000000 3.61947935
v -0.45095731 0.45633019 4.42849763
v -0.56073451 0.16892974 4.64711085
v -0.38206041 0.44732412 4.64026032
v -0.55292303 0.34172522 4.30000000
v -0.45095731 -0.45633019 4.42849763
v -0.56073451 -0.16892974 4.64711085
v -0.38206041 -0.44732412 4.64026032
v -0.55292303 -0.34172522 4.30000000
v -0.16892974 -0.28202757 4.99013478
v -0.45633019 -0.10440432 4.85502438
v -0.27646151 -0.38206041 4.85055277
v -0.17086261 -0.10559890 5.06084521
v -0.44732412 -0.27646151 4.77022820
v -0.16892974 0.28202757 4.99013478
v -0.45633019 0.10440432 4.85502438
v -0.27646151 0.38206041 4.85055277
v -0.17086261 0.10559890 5.06084521
v -0.44732412 0.27646151 4.77022820
v -0.34172522 0.00000000 4.98052065
v -0.62525993 0.00000000 4.08138678
v -0.62525993 0.00000000 4.51861322
v -0.61818674 0.17086261 4.17003212
v -0.61818674 -0.17086261 4.17003212
v -0.61818674 0.17086261 4.42996788
v -0.61818674 -0.17086261 4.42996788
v -0.26218098 0.59477822 4.30000000
v -0.08966896 0.64378527 4.30000000
v 0.26218098 0.59477822 4.30000000
v 0.08966896 0.64378527 4.30000000
v -0.26218098 -0.59477822 4.30000000
v -0.08966896 -0.64378527 4.30000000
v 0.26218098 -0.59477822 4.30000000
v 0.08966896 -0.64378527 4.30000000
v -0.31488707 -0.56220407 4.40496030
v -0.24377507 -0.54854246 4.60689099
v -0.23284872 -0.60079799 4.40532430
v -0.05270609 -0.40016731 4.92707443
v -0.15410611 -0.49312400 4.78546012
v -0.05345760 -0.64199742 4.40645688
v -0.15514000 -0.57915424 4.60894991
v -0.14307607 -0.62815519 4.40623398
v -0.19581827 -0.59555871 4.51126620
v 0.31488707 -0.56220407 4.40496030
v 0.24377507 -0.54854246 4.60689099
v 0.23284872 -0.60079799 4.40532430
v 0.05270609 -0.40016731 4.92707443
v 0.15410611 -0.49312400 4.78546012
v 0.00000000 -0.45688957 4.86902539
v 0.05345760 -0.64199742 4.40645688
v 0.15514000 -0.57915424 4.60894991
v 0.14307607 -0.62815519 4.40623398
v 0.00000000 -0.62650982 4.51312376
v 0.19581827 -0.59555871 4.51126620
v -0.10168240 -0.54611563 4.71540679
v 0.10168240 -0.54611563 4.71540679
v -0.05274220 -0.50713284 4.79619167
v -0.05351033 -0.59343862 4.61968564
v 0.05274220 -0.50713284 4.79619167
v 0.05351033 -0.59343862 4.61968564
v -0.31488707 0.56220407 4.40496030
v -0.24377507 0.54854246 4.60689099
v -0.23284872 0.60079799 4.40532430
v -0.05270609 0.40016731 4.92707443
v -0.15410611 0.49312400 4.78546012
v -0.05345760 0.64199742 4.40645688
v -0.15514000 0.57915424 4.60894991
v -0.14307607 0.62815519 4.40623398
v -0.19581827 0.59555871 4.51126620
v 0.31488707 0.56220407 4.40496030
v 0.24377507 0.54854246 4.60689099
v 0.23284872 0.60079799 4.40532430
v 0.05270609 0.40016731 4.92707443
v 0.15410611 0.49312400 4.78546012
v 0.00000000 0.45688957 4.86902539
v 0.05345760 0.64199742 4.40645688
v 0.15514000 0.57915424 4.60894991
v 0.14307607 0.62815519 4.40623398
v 0.00000000 0.62650982 4.51312376
v 0.19581827 0.59555871 4.51126620
v -0.10168240 0.54611563 4.71540679
v 0.10168240 0.54611563 4.71540679
v -0.05274220 0.50713284 4.79619167
v -0.05351033 0.59343862 4.61968564
v 0.05274220 0.50713284 4.79619167
v 0.05351033 0.59343862 4.61968564
v 0.00000000 -0.26218098 5.03203474
v 0.00000000 -0.08966896 5.09235111
v 0.00000000 0.26218098 5.03203474
v 0.00000000 0.08966896 5.09235111
v -0.31488707 -0.56220407 4.19503970
v -0.24377507 -0.54854246 3.99310901
v -0.23284872 -0.60079799 4.19467570
v -0.05270609 -0.40016731 3.67292557
v -0.15410611 -0.49312400 3.81453988
v -0.05345760 -0.64199742 4.19354312
v -0.15514000 -0.57915424 3.99105009
v -0.14307607 -0.62815519 4.19376602
v -0.19581827 -0.59555871 4.08873380
v 0.31488707 -0.56220407 4.19503970
v 0.24377507 -0.54854246 3.99310901
v 0.23284872 -0.60079799 4.19467570
v 0.05270609 -0.40016731 3.67292557
v 0.15410611 -0.49312400 3.81453988
v 0.00000000 -0.45688957 3.73097461
v 0.05345760 -0.64199742 4.19354312
v 0.15514000 -0.57915424 3.99105009
v 0.14307607 -0.62815519 4.19376602
v 0.00000000 -0.62650982 4.08687624
v 0.19581827 -0.59555871 4.08873380
v -0.10168240 -0.54611563 3.88459321
v 0.10168240 -0.54611563 3.88459321
v -0.05274220 -0.50713284 3.80380833
v -0.05351033 -0.59343862 3.98031436
v 0.05274220 -0.50713284 3.80380833
v 0.05351033 -0.59343862 3.98031436
v -0.31488707 0.56220407 4.19503970
v -0.24377507 0.54854246 3.99310901
v -0.23284872 0.60079799 4.19467570
v -0.05270609 0.40016731 3.67292557
v -0.15410611 0.49312400 3.81453988
v -0.05345760 0.64199742 4.19354312
v -0.15514000 0.57915424 3.99105009
v -0.14307607 0.62815519 4.19376602
v -0.19581827 0.59555871 4.08873380
v 0.31488707 0.56220407 4.19503970
v 0.24377507 0.54854246 3.99310901
v 0.23284872 0.60079799 4.19467570
v 0.05270609 0.40016731 3.67292557
v 0.15410611 0.49312400 3.81453988
v 0.00000000 0.45688957 3.73097461
v 0.05345760 0.64199742 4.19354312
v 0.15514000 0.57915424 3.99105009
v 0.14307607 0.62815519 4.19376602
v 0.00000000 0.62650982 4.08687624
v 0.19581827 0.59555871 4.08873380
v -0.10168240 0.54611563 3.88459321
v 0.10168240 0.54611563 3.88459321
v -0.05274220 0.50713284 3.80380833
v -0.05351033 0.59343862 3.98031436
v 0.05274220 0.50713284 3.80380833
v 0.05351033 0.59343862 3.98031436
v 0.00000000 -0.26218098 3.56796526
v 0.00000000 -0.08966896 3.50764889
v 0.00000000 0.26218098 3.56796526
v 0.00000000 0.08966896 3.50764889
v 0.40016731 0.50949798 4.23513097
v 0.49312400 0.39443635 4.11033094
v 0.37131358 0.51522200 4.12958171
v 0.56220407 0.08528025 3.91244669
v 0.54854246 0.24934893 3.99996915
v 0.29509382 0.49265802 3.92525612
v 0.45961941 0.39097562 4.00260157
v 0.33547905 0.50924360 4.02307759
v 0.42081773 0.45650140 4.06319633
v 0.40016731 -0.50949798 4.23513097
v 0.49312400 -0.39443635 4.11033094
v 0.37131358 -0.51522200 4.12958171
v 0.56220407 -0.08528025 3.91244669
v 0.54854246 -0.24934893 3.99996915
v 0.29509382 -0.49265802 3.92525612
v 0.45961941 -0.39097562 4.00260157
v 0.33547905 -0.50924360 4.02307759
v 0.42081773 -0.45650140 4.06319633
v 0.08528025 -0.31488707 3.60805653
v 0.24934893 -0.24377507 3.62487082
v 0.13846486 -0.37131358 3.66588062
v 0.08557599 -0.23284872 3.56055632
v 0.50949798 -0.05270609 3.80748638
v 0.39443635 -0.15410611 3.69307816
v 0.51522200 -0.13846486 3.84299867
v 0.24163622 -0.45961941 3.81879924
v 0.30447940 -0.29509382 3.69365166
v 0.19240299 -0.42081773 3.73815212
v 0.33369404 -0.42027556 3.84859663
v 0.22499946 -0.33547905 3.67323864
v 0.08649622 -0.05345760 3.50984933
v 0.25102180 -0.15514000 3.58719478
v 0.08631511 -0.14307607 3.52688592
v 0.17165379 -0.19581827 3.56700466
v 0.49265802 -0.30447940 3.93680760
v 0.39097562 -0.24163622 3.73431458
v 0.50924360 -0.22499946 3.88710270
v 0.42027556 -0.36676524 3.88929965
v 0.45650140 -0.19240299 3.78207048
v 0.36676524 -0.33369404 3.78273777
v 0.08528025 0.31488707 3.60805653
v 0.24934893 0.24377507 3.62487082
v 0.13846486 0.37131358 3.66588062
v 0.08557599 0.23284872 3.56055632
v 0.50949798 0.05270609 3.80748638
v 0.39443635 0.15410611 3.69307816
v 0.51522200 0.13846486 3.84299867
v 0.46233313 0.00000000 3.73767438
v 0.24163622 0.45961941 3.81879924
v 0.30447940 0.29509382 3.69365166
v 0.19240299 0.42081773 3.73815212
v 0.33369404 0.42027556 3.84859663
v 0.22499946 0.33547905 3.67323864
v 0.08649622 0.05345760 3.50984933
v 0.25102180 0.15514000 3.58719478
v 0.08631511 0.14307607 3.52688592
v 0.17316306 0.00000000 3.52891099
v 0.17165379 0.19581827 3.56700466
v 0.49265802 0.30447940 3.93680760
v 0.39097562 0.24163622 3.73431458
v 0.50924360 0.22499946 3.88710270
v 0.42027556 0.36676524 3.88929965
v 0.45650140 0.19240299 3.78207048
v 0.36676524 0.33369404 3.78273777
v 0.33751802 -0.10168240 3.62785769
v 0.33751802 0.10168240 3.62785769
v 0.40315573 -0.05274220 3.67583650
v 0.25974458 -0.05351033 3.56961401
v 0.40315573 0.05274220 3.67583650
v 0.25974458 0.05351033 3.56961401
v 0.40016731 0.50949798 4.36486903
v 0.49312400 0.39443635 4.48966906
v 0.37131358 0.51522200 4.47041829
v 0.45688957 0.46233313 4.30000000
v 0.56220407 0.08528025 4.68755331
v 0.54854246 0.24934893 4.60003085
v 0.29509382 0.49265802 4.67474388
v 0.45961941 0.39097562 4.59739843
v 0.33547905 0.50924360 4.57692241
v 0.42081773 0.45650140 4.53680367
v 0.54611563 0.33751802 4.17485243
v 0.54611563 0.33751802 4.42514757
v 0.50713284 0.40315573 4.23508652
v 0.50713284 0.40315573 4.36491348
v 0.40016731 -0.50949798 4.36486903
v 0.49312400 -0.39443635 4.48966906
v 0.37131358 -0.51522200 4.47041829
v 0.45688957 -0.46233313 4.30000000
v 0.56220407 -0.08528025 4.68755331
v 0.54854246 -0.24934893 4.60003085
v 0.29509382 -0.49265802 4.67474388
v 0.45961941 -0.39097562 4.59739843
v 0.33547905 -0.50924360 4.57692241
v 0.42081773 -0.45650140 4.53680367
v 0.54611563 -0.33751802 4.17485243
v 0.54611563 -0.33751802 4.42514757
v 0.50713284 -0.40315573 4.23508652
v 0.50713284 -0.40315573 4.36491348
v 0.08528025 -0.31488707 4.99194347
v 0.24934893 -0.24377507 4.97512918
v 0.13846486 -0.37131358 4.93411938
v 0.08557599 -0.23284872 5.03944368
v 0.50949798 -0.05270609 4.79251362
v 0.39443635 -0.15410611 4.90692184
v 0.51522200 -0.13846486 4.75700133
v 0.24163622 -0.45961941 4.78120076
v 0.30447940 -0.29509382 4.90634834
v 0.19240299 -0.42081773 4.86184788
v 0.33369404 -0.42027556 4.75140337
v 0.22499946 -0.33547905 4.92676136
v 0.08649622 -0.05345760 5.09015067
v 0.25102180 -0.15514000 5.01280522
v 0.08631511 -0.14307607 5.07311408
v 0.17165379 -0.19581827 5.03299534
v 0.49265802 -0.30447940 4.66319240
v 0.39097562 -0.24163622 4.86568542
v 0.50924360 -0.22499946 4.71289730
v 0.42027556 -0.36676524 4.71070035
v 0.45650140 -0.19240299 4.81792952
v 0.36676524 -0.33369404 4.81726223
v 0.08528025 0.31488707 4.99194347
v 0.24934893 0.24377507 4.97512918
v 0.13846486 0.37131358 4.93411938
v 0.08557599 0.23284872 5.03944368
v 0.50949798 0.05270609 4.79251362
v 0.39443635 0.15410611 4.90692184
v 0.51522200 0.13846486 4.75700133
v 0.46233313 0.00000000 4.86232562
v 0.24163622 0.45961941 4.78120076
v 0.30447940 0.29509382 4.90634834
v 0.19240299 0.42081773 4.86184788
v 0.33369404 0.42027556 4.75140337
v 0.22499946 0.33547905 4.92676136
v 0.08649622 0.05345760 5.09015067
v 0.25102180 0.15514000 5.01280522
v 0.08631511 0.14307607 5.07311408
v 0.17316306 0.00000000 5.07108901
v 0.17165379 0.19581827 5.03299534
v 0.49265802 0.30447940 4.66319240
v 0.39097562 0.24163622 4.86568542
v 0.50924360 0.22499946 4.71289730
v 0.42027556 0.36676524 4.71070035
v 0.45650140 0.19240299 4.81792952
v 0.36676524 0.33369404 4.81726223
v 0.33751802 -0.10168240 4.97214231
v 0.33751802 0.10168240 4.97214231
v 0.40315573 -0.05274220 4.92416350
v 0.25974458 -0.05351033 5.03038599
v 0.40315573 0.05274220 4.92416350
v 0.25974458 0.05351033 5.03038599
v 0.59477822 0.00000000 3.97731572
v 0.64378527 0.00000000 4.18963821
v 0.60079799 0.08557599 4.01341697
v 0.60079799 -0.08557599 4.01341697
v 0.59477822 0.00000000 4.62268428
v 0.64378527 0.00000000 4.41036179
v 0.60079799 0.08557599 4.58658303
v 0.60079799 -0.08557599 4.58658303
v 0.57915424 0.25102180 4.10905846
v 0.64199742 0.08649622 4.23420603
v 0.59555871 0.17165379 4.05899290
v 0.59343862 0.25974458 4.23414114
v 0.62815519 0.08631511 4.12390638
v 0.57915424 -0.25102180 4.10905846
v 0.64199742 -0.08649622 4.23420603
v 0.59555871 -0.17165379 4.05899290
v 0.59343862 -0.25974458 4.23414114
v 0.62815519 -0.08631511 4.12390638
v 0.57915424 0.25102180 4.49094154
v 0.64199742 0.08649622 4.36579397
v 0.59555871 0.17165379 4.54100710
v 0.59343862 0.25974458 4.36585886
v 0.62815519 0.08631511 4.47609362
v 0.62650982 0.17316306 4.30000000
v 0.57915424 -0.25102180 4.49094154
v 0.64199742 -0.08649622 4.36579397
v 0.59555871 -0.17165379 4.54100710
v 0.59343862 -0.25974458 4.36585886
v 0.62815519 -0.08631511 4.47609362
v 0.62650982 -0.17316306 4.30000000
v -0.40016731 0.50949798 4.23513097
v -0.49312400 0.39443635 4.11033094
v -0.37131358 0.51522200 4.12958171
v -0.56220407 0.08528025 3.91244669
v -0.54854246 0.24934893 3.99996915
v -0.29509382 0.49265802 3.92525612
v -0.45961941 0.39097562 4.00260157
v -0.33547905 0.50924360 4.02307759
v -0.42081773 0.45650140 4.06319633
v -0.40016731 -0.50949798 4.23513097
v -0.49312400 -0.39443635 4.11033094
v -0.37131358 -0.51522200 4.12958171
v -0.56220407 -0.08528025 3.91244669
v -0.54854246 -0.24934893 3.99996915
v -0.29509382 -0.49265802 3.92525612
v -0.45961941 -0.39097562 4.00260157
v -0.33547905 -0.50924360 4.02307759
v -0.42081773 -0.45650140 4.06319633
v -0.08528025 -0.31488707 3.60805653
v -0.24934893 -0.24377507 3.62487082
v -0.13846486 -0.37131358 3.66588062
v -0.08557599 -0.23284872 3.56055632
v -0.50949798 -0.05270609 3.80748638
v -0.39443635 -0.15410611 3.69307816
v -0.51522200 -0.13846486 3.84299867
v -0.24163622 -0.45961941 3.81879924
v -0.30447940 -0.29509382 3.69365166
v -0.19240299 -0.42081773 3.73815212
v -0.33369404 -0.42027556 3.84859663
v -0.22499946 -0.33547905 3.67323864
v -0.08649622 -0.05345760 3.50984933
v -0.25102180 -0.15514000 3.58719478
v -0.08631511 -0.14307607 3.52688592
v -0.17165379 -0.19581827 3.56700466
v -0.49265802 -0.30447940 3.93680760
v -0.39097562 -0.24163622 3.73431458
v -0.50924360 -0.22499946 3.88710270
v -0.42027556 -0.36676524 3.88929965
v -0.45650140 -0.19240299 3.78207048
v -0.36676524 -0.33369404 3.78273777
v -0.08528025 0.31488707 3.60805653
v -0.24934893 0.24377507 3.62487082
v -0.13846486 0.37131358 3.66588062
v -0.08557599 0.23284872 3.56055632
v -0.50949798 0.05270609 3.80748638
v -0.39443635 0.15410611 3.69307816
v -0.51522200 0.13846486 3.84299867
v -0.46233313 0.00000000 3.73767438
v -0.24163622 0.45961941 3.81879924
v -0.30447940 0.29509382 3.69365166
v -0.19240299 0.42081773 3.73815212
v -0.33369404 0.42027556 3.84859663
v -0.22499946 0.33547905 3.67323864
v -0.08649622 0.05345760 3.50984933
v -0.25102180 0.15514000 3.58719478
v -0.08631511 0.14307607 3.52688592
v -0.17316306 0.00000000 3.52891099
v -0.17165379 0.19581827 3.56700466
v -0.49265802 0.30447940 3.93680760
v -0.39097562 0.24163622 3.73431458
v -0.50924360 0.22499946 3.88710270
v -0.42027556 0.36676524 3.88929965
v -0.45650140 0.19240299 3.78207048
v -0.36676524 0.33369404 3.78273777
v -0.33751802 -0.10168240 3.62785769
v -0.33751802 0.10168240 3.62785769
v -0.40315573 -0.05274220 3.67583650
v -0.25974458 -0.05351033 3.56961401
v -0.40315573 0.05274220 3.67583650
v -0.25974458 0.05351033 3.56961401
v -0.40016731 0.50949798 4.36486903
v -0.49312400 0.39443635 4.48966906
v -0.37131358 0.51522200 4.47041829
v -0.45688957 0.46233313 4.30000000
v -0.56220407 0.08528025 4.68755331
v -0.54854246 0.24934893 4.60003085
v -0.29509382 0.49265802 4.67474388
v -0.45961941 0.39097562 4.59739843
v -0.33547905 0.50924360 4.57692241
v -0.42081773 0.45650140 4.53680367
v -0.54611563 0.33751802 4.17485243
v -0.54611563 0.33751802 4.42514757
v -0.50713284 0.40315573 4.23508652
v -0.50713284 0.40315573 4.36491348
v -0.40016731 -0.50949798 4.36486903
v -0.49312400 -0.39443635 4.48966906
v -0.37131358 -0.51522200 4.47041829
v -0.45688957 -0.46233313 4.30000000
v -0.56220407 -0.08528025 4.68755331
v -0.54854246 -0.24934893 4.60003085
v -0.29509382 -0.49265802 4.67474388
v -0.45961941 -0.39097562 4.59739843
v -0.33547905 -0.50924360 4.57692241
v -0.42081773 -0.45650140 4.53680367
v -0.54611563 -0.33751802 4.17485243
v -0.54611563 -0.33751802 4.42514757
v -0.50713284 -0.40315573 4.23508652
v -0.50713284 -0.40315573 4.36491348
v -0.08528025 -0.31488707 4.99194347
v -0.24934893 -0.24377507 4.97512918
v -0.13846486 -0.37131358 4.93411938
v -0.08557599 -0.23284872 5.03944368
v -0.50949798 -0.05270609 4.79251362
v -0.39443635 -0.15410611 4.90692184
v -0.51522200 -0.13846486 4.75700133
v -0.24163622 -0.45961941 4.78120076
v -0.30447940 -0.29509382 4.90634834
v -0.19240299 -0.42081773 4.86184788
v -0.33369404 -0.42027556 4.75140337
v -0.22499946 -0.33547905 4.92676136
v -0.08649622 -0.05345760 5.09015067
v -0.25102180 -0.15514000 5.01280522
v -0.08631511 -0.14307607 5.07311408
v -0.17165379 -0.19581827 5.03299534
v -0.49265802 -0.30447940 4.66319240
v -0.39097562 -0.24163622 4.86568542
v -0.50924360 -0.22499946 4.71289730
v -0.42027556 -0.36676524 4.71070035
v -0.45650140 -0.19240299 4.81792952
v -0.36676524 -0.33369404 4.81726223
v -0.08528025 0.31488707 4.99194347
v -0.24934893 0.24377507 4.97512918
v -0.13846486 0.37131358 4.93411938
v -0.08557599 0.23284872 5.03944368
v -0.50949798 0.05270609 4.79251362
v -0.39443635 0.15410611 4.90692184
v -0.51522200 0.13846486 4.75700133
v -0.46233313 0.00000000 4.86232562
v -0.24163622 0.45961941 4.78120076
v -0.30447940 0.29509382 4.90634834
v -0.19240299 0.42081773 4.86184788
v -0.33369404 0.42027556 4.75140337
v -0.22499946 0.33547905 4.92676136
v -0.08649622 0.05345760 5.09015067
v -0.25102180 0.15514000 5.01280522
v -0.08631511 0.14307607 5.07311408
v -0.17316306 0.00000000 5.07108901
v -0.17165379 0.19581827 5.03299534
v -0.49265802 0.30447940 4.66319240
v -0.39097562 0.24163622 4.86568542
v -0.50924360 0.22499946 4.71289730
v -0.42027556 0.36676524 4.71070035
v -0.45650140 0.19240299 4.81792952
v -0.36676524 0.33369404 4.81726223
v -0.33751802 -0.10168240 4.97214231
v -0.33751802 0.10168240 4.97214231
v -0.40315573 -0.05274220 4.92416350
v -0.25974458 -0.05351033 5.03038599
v -0.40315573 0.05274220 4.92416350
v -0.25974458 0.05351033 5.03038599
v -0.59477822 0.00000000 3.97731572
v -0.64378527 0.00000000 4.18963821
v -0.60079799 0.08557599 4.01341697
v -0.60079799 -0.08557599 4.01341697
v -0.59477822 0.00000000 4.62268428
v -0.64378527 0.00000000 4.41036179
v -0.60079799 0.08557599 4.58658303
v -0.60079799 -0.08557599 4.58658303
v -0.57915424 0.25102180 4.10905846
v -0.64199742 0.08649622 4.23420603
v -0.59555871 0.17165379 4.05899290
v -0.59343862 0.25974458 4.23414114
v -0.62815519 0.08631511 4.12390638
v -0.57915424 -0.25102180 4.10905846
v -0.64199742 -0.08649622 4.23420603
v -0.59555871 -0.17165379 4.05899290
v -0.59343862 -0.25974458 4.23414114
v -0.62815519 -0.08631511 4.12390638
v -0.57915424 0.25102180 4.49094154
v -0.64199742 0.08649622 4.36579397
v -0.59555871 0.17165379 4.54100710
v -0.59343862 0.25974458 4.36585886
v -0.62815519 0.08631511 4.47609362
v -0.62650982 0.17316306 4.30000000
v -0.57915424 -0.25102180 4.49094154
v -0.64199742 -0.08649622 4.36579397
v -0.59555871 -0.17165379 4.54100710
v -0.59343862 -0.25974458 4.36585886
v -0.62815519 -0.08631511 4.47609362
v -0.62650982 -0.17316306 4.30000000
v 0.00000000 0.00000000 4.70000000
v 0.14379318 -0.00344823 4.65743675
v 0.32379318 0.09655177 5.25743675
v 0.18000000 0.10000000 5.30000000
v 0.12280443 0.07105590 4.65131602
v 0.30280443 0.17105590 5.25131602
v 0.06891034 0.12652066 4.65824012
v 0.24891034 0.22652066 5.25824012
v -0.00344823 0.14808432 4.67635375
v 0.17655177 0.24808432 5.27635375
v -0.07488285 0.12996890 4.70080337
v 0.10511715 0.22996890 5.30080337
v -0.12625267 0.07702841 4.72503773
v 0.05374733 0.17702841 5.32503773
v -0.14379318 0.00344823 4.74256325
v 0.03620682 0.10344823 5.34256325
v -0.12280443 -0.07105590 4.74868398
v 0.05719557 0.02894410 5.34868398
v -0.06891034 -0.12652066 4.74175988
v 0.11108966 -0.02652066 5.34175988
v 0.00344823 -0.14808432 4.72364625
v 0.18344823 -0.04808432 5.32364625
v 0.07488285 -0.12996890 4.69919663
v 0.25488285 -0.02996890 5.29919663
v 0.12625267 -0.07702841 4.67496227
v 0.30625267 0.02297159 5.27496227
v 0.18000000 0.10000000 5.30000000
v 0.31442798 0.09480933 5.36634888
v 0.01442798 -0.00519067 5.96634888
v -0.12000000 0.00000000 5.90000000
v 0.29382271 0.16963963 5.36851796
v -0.00617729 0.06963963 5.96851796
v 0.24271874 0.22581006 5.35232771
v -0.05728126 0.12581006 5.95232771
v 0.17480933 0.24826978 5.32211629
v -0.12519067 0.14826978 5.92211629
v 0.10829075 0.23100073 5.28597883
v -0.19170925 0.13100073 5.88597883
v 0.06098661 0.17863014 5.25359833
v -0.23901339 0.07863014 5.85359833
v 0.04557202 0.10519067 5.23365112
v -0.25442798 0.00519067 5.83365112
v 0.06617729 0.03036037 5.23148204
v -0.23382271 -0.06963963 5.83148204
v 0.11728126 -0.02581006 5.24767229
v -0.18271874 -0.12581006 5.84767229
v 0.18519067 -0.04826978 5.27788371
v -0.11480933 -0.14826978 5.87788371
v 0.25170925 -0.03100073 5.31402117
v -0.04829075 -0.13100073 5.91402117
v 0.29901339 0.02136986 5.34640167
v -0.00098661 -0.07863014 5.94640167
v -0.12000000 0.00000000 5.90000000
v 0.02585810 0.00000000 5.86499406
v 0.14585810 0.00000000 6.36499406
v 0.00000000 0.00000000 6.40000000
v 0.00631682 0.07500000 5.86968396
v 0.12631682 0.07500000 6.36968396
v -0.04707095 0.12990381 5.88249703
v 0.07292905 0.12990381 6.38249703
v -0.12000000 0.15000000 5.90000000
v 0.00000000 0.15000000 6.40000000
v -0.19292905 0.12990381 5.91750297
v -0.07292905 0.12990381 6.41750297
v -0.24631682 0.07500000 5.93031604
v -0.12631682 0.07500000 6.43031604
v -0.26585810 0.00000000 5.93500594
v -0.14585810 0.00000000 6.43500594
v -0.24631682 -0.07500000 5.93031604
v -0.12631682 -0.07500000 6.43031604
v -0.19292905 -0.12990381 5.91750297
v -0.07292905 -0.12990381 6.41750297
v -0.12000000 -0.15000000 5.90000000
v -0.00000000 -0.15000000 6.40000000
v -0.04707095 -0.12990381 5.88249703
v 0.07292905 -0.12990381 6.38249703
v 0.00631682 -0.07500000 5.86968396
v 0.12631682 -0.07500000 6.36968396
v 0.35000000 0.00000000 2.60000000
v 0.39472136 0.00000000 2.51055728
v 0.99472136 0.00000000 2.81055728
v 0.95000000 0.00000000 2.90000000
v 0.38872983 0.05000000 2.52254033
v 0.98872983 0.05000000 2.82254033
v 0.37236068 0.08660254 2.55527864
v 0.97236068 0.08660254 2.85527864
v 0.35000000 0.10000000 2.60000000
v 0.95000000 0.10000000 2.90000000
v 0.32763932 0.08660254 2.64472136
v 0.92763932 0.08660254 2.94472136
v 0.31127017 0.05000000 2.67745967
v 0.91127017 0.05000000 2.97745967
v 0.30527864 0.00000000 2.68944272
v 0.90527864 0.00000000 2.98944272
v 0.31127017 -0.05000000 2.67745967
v 0.91127017 -0.05000000 2.97745967
v 0.32763932 -0.08660254 2.64472136
v 0.92763932 -0.08660254 2.94472136
v 0.35000000 -0.10000000 2.60000000
v 0.95000000 -0.10000000 2.90000000
v 0.37236068 -0.08660254 2.55527864
v 0.97236068 -0.08660254 2.85527864
v 0.38872983 -0.05000000 2.52254033
v 0.98872983 -0.05000000 2.82254033
v 0.95000000 0.00000000 2.90000000
v 1.01246950 0.00000000 2.82191312
v 1.51246950 0.00000000 3.22191312
v 1.45000000 0.00000000 3.30000000
v 1.00410018 0.05000000 2.83237478
v 1.50410018 0.05000000 3.23237478
v 0.98123475 0.08660254 2.86095656
v 1.48123475 0.08660254 3.26095656
v 0.95000000 0.10000000 2.90000000
v 1.45000000 0.10000000 3.30000000
v 0.91876525 0.08660254 2.93904344
v 1.41876525 0.08660254 3.33904344
v 0.89589982 0.05000000 2.96762522
v 1.39589982 0.05000000 3.36762522
v 0.88753050 0.00000000 2.97808688
v 1.38753050 0.00000000 3.37808688
v 0.89589982 -0.05000000 2.96762522
v 1.39589982 -0.05000000 3.36762522
v 0.91876525 -0.08660254 2.93904344
v 1.41876525 -0.08660254 3.33904344
v 0.95000000 -0.10000000 2.90000000
v 1.45000000 -0.10000000 3.30000000
v 0.98123475 -0.08660254 2.86095656
v 1.48123475 -0.08660254 3.26095656
v 1.00410018 -0.05000000 2.83237478
v 1.50410018 -0.05000000 3.23237478
v 0.17500000 0.30310889 2.60000000
v 0.26118034 0.27917254 2.55527864
v 0.56118034 0.79878778 2.85527864
v 0.47500000 0.82272413 2.90000000
v 0.23766619 0.31164991 2.52254033
v 0.53766619 0.83126515 2.82254033
v 0.19736068 0.34183872 2.51055728
v 0.49736068 0.86145397 2.81055728
v 0.15106365 0.36164991 2.52254033
v 0.45106365 0.88126515 2.82254033
v 0.11118034 0.36577508 2.55527864
v 0.41118034 0.88539032 2.85527864
v 0.08839746 0.35310889 2.60000000
v 0.38839746 0.87272413 2.90000000
v 0.08881966 0.32704524 2.64472136
v 0.38881966 0.84666049 2.94472136
v 0.11233381 0.29456787 2.67745967
v 0.41233381 0.81418311 2.97745967
v 0.15263932 0.26437906 2.68944272
v 0.45263932 0.78399430 2.98944272
v 0.19893635 0.24456787 2.67745967
v 0.49893635 0.76418311 2.97745967
v 0.23881966 0.24044270 2.64472136
v 0.53881966 0.76005795 2.94472136
v 0.26160254 0.25310889 2.60000000
v 0.56160254 0.77272413 2.90000000
v 0.47500000 0.82272413 2.90000000
v 0.56561738 0.80647295 2.86095656
v 0.81561738 1.23948565 3.26095656
v 0.72500000 1.25573684 3.30000000
v 0.54535136 0.84457626 2.83237478
v 0.79535136 1.27758896 3.23237478
v 0.50623475 0.87682431 2.82191312
v 0.75623475 1.30983701 3.22191312
v 0.45874882 0.89457626 2.83237478
v 0.70874882 1.32758896 3.23237478
v 0.41561738 0.89307549 2.86095656
v 0.66561738 1.32608819 3.26095656
v 0.38839746 0.87272413 2.90000000
v 0.63839746 1.30573684 3.30000000
v 0.38438262 0.83897531 2.93904344
v 0.63438262 1.27198802 3.33904344
v 0.40464864 0.80087201 2.96762522
v 0.65464864 1.23388471 3.36762522
v 0.44376525 0.76862396 2.97808688
v 0.69376525 1.20163666 3.37808688
v 0.49125118 0.75087201 2.96762522
v 0.74125118 1.18388471 3.36762522
v 0.53438262 0.75237277 2.93904344
v 0.78438262 1.18538548 3.33904344
v 0.56160254 0.77272413 2.90000000
v 0.81160254 1.20573684 3.30000000
v -0.17500000 0.30310889 2.60000000
v -0.08881966 0.32704524 2.64472136
v -0.38881966 0.84666049 2.94472136
v -0.47500000 0.82272413 2.90000000
v -0.08839746 0.35310889 2.60000000
v -0.38839746 0.87272413 2.90000000
v -0.11118034 0.36577508 2.55527864
v -0.41118034 0.88539032 2.85527864
v -0.15106365 0.36164991 2.52254033
v -0.45106365 0.88126515 2.82254033
v -0.19736068 0.34183872 2.51055728
v -0.49736068 0.86145397 2.81055728
v -0.23766619 0.31164991 2.52254033
v -0.53766619 0.83126515 2.82254033
v -0.26118034 0.27917254 2.55527864
v -0.56118034 0.79878778 2.85527864
v -0.26160254 0.25310889 2.60000000
v -0.56160254 0.77272413 2.90000000
v -0.23881966 0.24044270 2.64472136
v -0.53881966 0.76005795 2.94472136
v -0.19893635 0.24456787 2.67745967
v -0.49893635 0.76418311 2.97745967
v -0.15263932 0.26437906 2.68944272
v -0.45263932 0.78399430 2.98944272
v -0.11233381 0.29456787 2.67745967
v -0.41233381 0.81418311 2.97745967
v -0.47500000 0.82272413 2.90000000
v -0.38438262 0.83897531 2.93904344
v -0.63438262 1.27198802 3.33904344
v -0.72500000 1.25573684 3.30000000
v -0.38839746 0.87272413 2.90000000
v -0.63839746 1.30573684 3.30000000
v -0.41561738 0.89307549 2.86095656
v -0.66561738 1.32608819 3.26095656
v -0.45874882 0.89457626 2.83237478
v -0.70874882 1.32758896 3.23237478
v -0.50623475 0.87682431 2.82191312
v -0.75623475 1.30983701 3.22191312
v -0.54535136 0.84457626 2.83237478
v -0.79535136 1.27758896 3.23237478
v -0.56561738 0.80647295 2.86095656
v -0.81561738 1.23948565 3.26095656
v -0.56160254 0.77272413 2.90000000
v -0.81160254 1.20573684 3.30000000
v -0.53438262 0.75237277 2.93904344
v -0.78438262 1.18538548 3.33904344
v -0.49125118 0.75087201 2.96762522
v -0.74125118 1.18388471 3.36762522
v -0.44376525 0.76862396 2.97808688
v -0.69376525 1.20163666 3.37808688
v -0.40464864 0.80087201 2.96762522
v -0.65464864 1.23388471 3.36762522
v -0.35000000 0.00000000 2.60000000
v -0.30527864 0.00000000 2.68944272
v -0.90527864 0.00000000 2.98944272
v -0.95000000 0.00000000 2.90000000
v -0.31127017 0.05000000 2.67745967
v -0.91127017 0.05000000 2.97745967
v -0.32763932 0.08660254 2.64472136
v -0.92763932 0.08660254 2.94472136
v -0.35000000 0.10000000 2.60000000
v -0.95000000 0.10000000 2.90000000
v -0.37236068 0.08660254 2.55527864
v -0.97236068 0.08660254 2.85527864
v -0.38872983 0.05000000 2.52254033
v -0.98872983 0.05000000 2.82254033
v -0.39472136 0.00000000 2.51055728
v -0.99472136 0.00000000 2.81055728
v -0.38872983 -0.05000000 2.52254033
v -0.98872983 -0.05000000 2.82254033
v -0.37236068 -0.08660254 2.55527864
v -0.97236068 -0.08660254 2.85527864
v -0.35000000 -0.10000000 2.60000000
v -0.95000000 -0.10000000 2.90000000
v -0.32763932 -0.08660254 2.64472136
v -0.92763932 -0.08660254 2.94472136
v -0.31127017 -0.05000000 2.67745967
v -0.91127017 -0.05000000 2.97745967
v -0.95000000 0.00000000 2.90000000
v -0.88753050 0.00000000 2.97808688
v -1.38753050 0.00000000 3.37808688
v -1.45000000 0.00000000 3.30000000
v -0.89589982 0.05000000 2.96762522
v -1.39589982 0.05000000 3.36762522
v -0.91876525 0.08660254 2.93904344
v -1.41876525 0.08660254 3.33904344
v -0.95000000 0.10000000 2.90000000
v -1.45000000 0.10000000 3.30000000
v -0.98123475 0.08660254 2.86095656
v -1.48123475 0.08660254 3.26095656
v -1.00410018 0.05000000 2.83237478
v -1.50410018 0.05000000 3.23237478
v -1.01246950 0.00000000 2.82191312
v -1.51246950 0.00000000 3.22191312
v -1.00410018 -0.05000000 2.83237478
v -1.50410018 -0.05000000 3.23237478
v -0.98123475 -0.08660254 2.86095656
v -1.48123475 -0.08660254 3.26095656
v -0.95000000 -0.10000000 2.90000000
v -1.45000000 -0.10000000 3.30000000
v -0.91876525 -0.08660254 2.93904344
v -1.41876525 -0.08660254 3.33904344
v -0.89589982 -0.05000000 2.96762522
v -1.39589982 -0.05000000 3.36762522
v -0.17500000 -0.30310889 2.60000000
v -0.08881966 -0.32704524 2.64472136
v -0.38881966 -0.84666049 2.94472136
v -0.47500000 -0.82272413 2.90000000
v -0.11233381 -0.29456787 2.67745967
v -0.41233381 -0.81418311 2.97745967
v -0.15263932 -0.26437906 2.68944272
v -0.45263932 -0.78399430 2.98944272
v -0.19893635 -0.24456787 2.67745967
v -0.49893635 -0.76418311 2.97745967
v -0.23881966 -0.24044270 2.64472136
v -0.53881966 -0.76005795 2.94472136
v -0.26160254 -0.25310889 2.60000000
v -0.56160254 -0.77272413 2.90000000
v -0.26118034 -0.27917254 2.55527864
v -0.56118034 -0.79878778 2.85527864
v -0.23766619 -0.31164991 2.52254033
v -0.53766619 -0.83126515 2.82254033
v -0.19736068 -0.34183872 2.51055728
v -0.49736068 -0.86145397 2.81055728
v -0.15106365 -0.36164991 2.52254033
v -0.45106365 -0.88126515 2.82254033
v -0.11118034 -0.36577508 2.55527864
v -0.41118034 -0.88539032 2.85527864
v -0.08839746 -0.35310889 2.60000000
v -0.38839746 -0.87272413 2.90000000
v -0.47500000 -0.82272413 2.90000000
v -0.38438262 -0.83897531 2.93904344
v -0.63438262 -1.27198802 3.33904344
v -0.72500000 -1.25573684 3.30000000
v -0.40464864 -0.80087201 2.96762522
v -0.65464864 -1.23388471 3.36762522
v -0.44376525 -0.76862396 2.97808688
v -0.69376525 -1.20163666 3.37808688
v -0.49125118 -0.75087201 2.96762522
v -0.74125118 -1.18388471 3.36762522
v -0.53438262 -0.75237277 2.93904344
v -0.78438262 -1.18538548 3.33904344
v -0.56160254 -0.77272413 2.90000000
v -0.81160254 -1.20573684 3.30000000
v -0.56561738 -0.80647295 2.86095656
v -0.81561738 -1.23948565 3.26095656
v -0.54535136 -0.84457626 2.83237478
v -0.79535136 -1.27758896 3.23237478
v -0.50623475 -0.87682431 2.82191312
v -0.75623475 -1.30983701 3.22191312
v -0.45874882 -0.89457626 2.83237478
v -0.70874882 -1.32758896 3.23237478
v -0.41561738 -0.89307549 2.86095656
v -0.66561738 -1.32608819 3.26095656
v -0.38839746 -0.87272413 2.90000000
v -0.63839746 -1.30573684 3.30000000
v 0.17500000 -0.30310889 2.60000000
v 0.26118034 -0.27917254 2.55527864
v 0.56118034 -0.79878778 2.85527864
v 0.47500000 -0.82272413 2.90000000
v 0.26160254 -0.25310889 2.60000000
v 0.56160254 -0.77272413 2.90000000
v 0.23881966 -0.24044270 2.64472136
v 0.53881966 -0.76005795 2.94472136
v 0.19893635 -0.24456787 2.67745967
v 0.49893635 -0.76418311 2.97745967
v 0.15263932 -0.26437906 2.68944272
v 0.45263932 -0.78399430 2.98944272
v 0.11233381 -0.29456787 2.67745967
v 0.41233381 -0.81418311 2.97745967
v 0.08881966 -0.32704524 2.64472136
v 0.38881966 -0.84666049 2.94472136
v 0.08839746 -0.35310889 2.60000000
v 0.38839746 -0.87272413 2.90000000
v 0.11118034 -0.36577508 2.55527864
v 0.41118034 -0.88539032 2.85527864
v 0.15106365 -0.36164991 2.52254033
v 0.45106365 -0.88126515 2.82254033
v 0.19736068 -0.34183872 2.51055728
v 0.49736068 -0.86145397 2.81055728
v 0.23766619 -0.31164991 2.52254033
v 0.53766619 -0.83126515 2.82254033
v 0.47500000 -0.82272413 2.90000000
v 0.56561738 -0.80647295 2.86095656
v 0.81561738 -1.23948565 3.26095656
v 0.72500000 -1.25573684 3.30000000
v 0.56160254 -0.77272413 2.90000000
v 0.81160254 -1.20573684 3.30000000
v 0.53438262 -0.75237277 2.93904344
v 0.78438262 -1.18538548 3.33904344
v 0.49125118 -0.75087201 2.96762522
v 0.74125118 -1.18388471 3.36762522
v 0.44376525 -0.76862396 2.97808688
v 0.69376525 -1.20163666 3.37808688
v 0.40464864 -0.80087201 2.96762522
v 0.65464864 -1.23388471 3.36762522
v 0.38438262 -0.83897531 2.93904344
v 0.63438262 -1.27198802 3.33904344
v 0.38839746 -0.87272413 2.90000000
v 0.63839746 -1.30573684 3.30000000
v 0.41561738 -0.89307549 2.86095656
v 0.66561738 -1.32608819 3.26095656
v 0.45874882 -0.89457626 2.83237478
v 0.70874882 -1.32758896 3.23237478
v 0.50623475 -0.87682431 2.82191312
v 0.75623475 -1.30983701 3.22191312
v 0.54535136 -0.84457626 2.83237478
v 0.79535136 -1.27758896 3.23237478
f 2 1 5
f 2 5 3
f 3 5 6
f 3 6 4
f 5 1 7
f 5 7 6
f 6 7 8
f 6 8 4
f 7 1 9
f 7 9 8
f 8 9 10
f 8 10 4
f 9 1 11
f 9 11 10
f 10 11 12
f 10 12 4
f 11 1 13
f 11 13 12
f 12 13 14
f 12 14 4
f 13 1 15
f 13 15 14
f 14 15 16
f 14 16 4
f 15 1 17
f 15 17 16
f 16 17 18
f 16 18 4
f 17 1 19
f 17 19 18
f 18 19 20
f 18 20 4
f 19 1 21
f 19 21 20
f 20 21 22
f 20 22 4
f 21 1 23
f 21 23 22
f 22 23 24
f 22 24 4
f 23 1 25
f 23 25 24
f 24 25 26
f 24 26 4
f 25 1 27
f 25 27 26
f 26 27 28
f 26 28 4
f 27 1 29
f 27 29 28
f 28 29 30
f 28 30 4
f 29 1 31
f 29 31 30
f 30 31 32
f 30 32 4
f 31 1 33
f 31 33 32
f 32 33 34
f 32 34 4
f 33 1 35
f 33 35 34
f 34 35 36
f 34 36 4
f 35 1 37
f 35 37 36
f 36 37 38
f 36 38 4
f 37 1 39
f 37 39 38
f 38 39 40
f 38 40 4
f 39 1 41
f 39 41 40
f 40 41 42
f 40 42 4
f 41 1 43
f 41 43 42
f 42 43 44
f 42 44 4
f 43 1 45
f 43 45 44
f 44 45 46
f 44 46 4
f 45 1 47
f 45 47 46
f 46 47 48
f 46 48 4
f 47 1 49
f 47 49 48
f 48 49 50
f 48 50 4
f 49 1 51
f 49 51 50
f 50 51 52
f 50 52 4
f 51 1 53
f 51 53 52
f 52 53 54
f 52 54 4
f 53 1 55
f 53 55 54
f 54 55 56
f 54 56 4
f 55 1 57
f 55 57 56
f 56 57 58
f 56 58 4
f 57 1 59
f 57 59 58
f 58 59 60
f 58 60 4
f 59 1 61
f 59 61 60
f 60 61 62
f 60 62 4
f 61 1 63
f 61 63 62
f 62 63 64
f 62 64 4
f 63 1 65
f 63 65 64
f 64 65 66
f 64 66 4
f 65 1 2
f 65 2 66
f 66 2 3
f 66 3 4
f 67 599 263
f 599 204 601
f 263 601 120
f 599 601 263
f 204 600 608
f 600 104 606
f 608 606 206
f 600 606 608
f 120 607 264
f 607 206 605
f 264 605 83
f 607 605 264
f 204 608 601
f 608 206 607
f 601 607 120
f 608 607 601
f 104 604 667
f 604 205 669
f 667 669 221
f 604 669 667
f 205 603 655
f 603 78 653
f 655 653 218
f 603 653 655
f 221 671 668
f 671 218 654
f 668 654 107
f 671 654 668
f 205 655 669
f 655 218 671
f 669 671 221
f 655 671 669
f 83 657 267
f 657 219 659
f 267 659 121
f 657 659 267
f 219 658 661
f 658 107 650
f 661 650 217
f 658 650 661
f 121 651 266
f 651 217 649
f 266 649 72
f 651 649 266
f 219 661 659
f 661 217 651
f 659 651 121
f 661 651 659
f 104 667 606
f 667 221 670
f 606 670 206
f 667 670 606
f 221 668 672
f 668 107 658
f 672 658 219
f 668 658 672
f 206 660 605
f 660 219 657
f 605 657 83
f 660 657 605
f 221 672 670
f 672 219 660
f 670 660 206
f 672 660 670
f 67 263 229
f 263 120 265
f 229 265 109
f 263 265 229
f 120 264 271
f 264 83 269
f 271 269 122
f 264 269 271
f 109 270 230
f 270 122 268
f 230 268 79
f 270 268 230
f 120 271 265
f 271 122 270
f 265 270 109
f 271 270 265
f 83 267 283
f 267 121 285
f 283 285 126
f 267 285 283
f 121 266 277
f 266 72 275
f 277 275 124
f 266 275 277
f 126 287 284
f 287 124 276
f 284 276 84
f 287 276 284
f 121 277 285
f 277 124 287
f 285 287 126
f 277 287 285
f 79 278 232
f 278 125 280
f 232 280 110
f 278 280 232
f 125 279 282
f 279 84 273
f 282 273 123
f 279 273 282
f 110 274 231
f 274 123 272
f 231 272 68
f 274 272 231
f 125 282 280
f 282 123 274
f 280 274 110
f 282 274 280
f 83 283 269
f 283 126 286
f 269 286 122
f 283 286 269
f 126 284 288
f 284 84 279
f 288 279 125
f 284 279 288
f 122 281 268
f 281 125 278
f 268 278 79
f 281 278 268
f 126 288 286
f 288 125 281
f 286 281 122
f 288 281 286
f 67 229 319
f 229 109 321
f 319 321 136
f 229 321 319
f 109 230 326
f 230 79 324
f 326 324 138
f 230 324 326
f 136 327 320
f 327 138 325
f 320 325 88
f 327 325 320
f 109 326 321
f 326 138 327
f 321 327 136
f 326 327 321
f 79 232 334
f 232 110 336
f 334 336 141
f 232 336 334
f 110 231 330
f 231 68 328
f 330 328 139
f 231 328 330
f 141 338 335
f 338 139 329
f 335 329 89
f 338 329 335
f 110 330 336
f 330 139 338
f 336 338 141
f 330 338 336
f 88 339 323
f 339 142 341
f 323 341 137
f 339 341 323
f 142 340 343
f 340 89 332
f 343 332 140
f 340 332 343
f 137 333 322
f 333 140 331
f 322 331 74
f 333 331 322
f 142 343 341
f 343 140 333
f 341 333 137
f 343 333 341
f 79 334 324
f 334 141 337
f 324 337 138
f 334 337 324
f 141 335 344
f 335 89 340
f 344 340 142
f 335 340 344
f 138 342 325
f 342 142 339
f 325 339 88
f 342 339 325
f 141 344 337
f 344 142 342
f 337 342 138
f 344 342 337
f 67 319 529
f 319 136 531
f 529 531 187
f 319 531 529
f 136 320 536
f 320 88 534
f 536 534 189
f 320 534 536
f 187 537 530
f 537 189 535
f 530 535 100
f 537 535 530
f 136 536 531
f 536 189 537
f 531 537 187
f 536 537 531
f 88 323 577
f 323 137 579
f 577 579 200
f 323 579 577
f 137 322 571
f 322 74 569
f 571 569 198
f 322 569 571
f 200 581 578
f 581 198 570
f 578 570 103
f 581 570 578
f 137 571 579
f 571 198 581
f 579 581 200
f 571 581 579
f 100 587 533
f 587 202 589
f 533 589 188
f 587 589 533
f 202 588 591
f 588 103 574
f 591 574 199
f 588 574 591
f 188 575 532
f 575 199 573
f 532 573 77
f 575 573 532
f 202 591 589
f 591 199 575
f 589 575 188
f 591 575 589
f 88 577 534
f 577 200 580
f 534 580 189
f 577 580 534
f 200 578 592
f 578 103 588
f 592 588 202
f 578 588 592
f 189 590 535
f 590 202 587
f 535 587 100
f 590 587 535
f 200 592 580
f 592 202 590
f 580 590 189
f 592 590 580
f 67 529 599
f 529 187 602
f 599 602 204
f 529 602 599
f 187 530 611
f 530 100 609
f 611 609 207
f 530 609 611
f 204 612 600
f 612 207 610
f 600 610 104
f 612 610 600
f 187 611 602
f 611 207 612
f 602 612 204
f 611 612 602
f 100 533 687
f 533 188 689
f 687 689 225
f 533 689 687
f 188 532 681
f 532 77 679
f 681 679 223
f 532 679 681
f 225 691 688
f 691 223 680
f 688 680 108
f 691 680 688
f 188 681 689
f 681 223 691
f 689 691 225
f 681 691 689
f 104 697 604
f 697 227 699
f 604 699 205
f 697 699 604
f 227 698 701
f 698 108 684
f 701 684 224
f 698 684 701
f 205 685 603
f 685 224 683
f 603 683 78
f 685 683 603
f 227 701 699
f 701 224 685
f 699 685 205
f 701 685 699
f 100 687 609
f 687 225 690
f 609 690 207
f 687 690 609
f 225 688 702
f 688 108 698
f 702 698 227
f 688 698 702
f 207 700 610
f 700 227 697
f 610 697 104
f 700 697 610
f 225 702 690
f 702 227 700
f 690 700 207
f 702 700 690
f 68 272 419
f 272 123 421
f 419 421 162
f 272 421 419
f 123 273 427
f 273 84 425
f 427 425 164
f 273 425 427
f 162 428 420
f 428 164 426
f 420 426 95
f 428 426 420
f 123 427 421
f 427 164 428
f 421 428 162
f 427 428 421
f 84 276 477
f 276 124 479
f 477 479 177
f 276 479 477
f 124 275 471
f 275 72 469
f 471 469 175
f 275 469 471
f 177 481 478
f 481 175 470
f 478 470 98
f 481 470 478
f 124 471 479
f 471 175 481
f 479 481 177
f 471 481 479
f 95 487 424
f 487 179 489
f 424 489 163
f 487 489 424
f 179 488 491
f 488 98 474
f 491 474 176
f 488 474 491
f 163 475 423
f 475 176 473
f 423 473 76
f 475 473 423
f 179 491 489
f 491 176 475
f 489 475 163
f 491 475 489
f 84 477 425
f 477 177 480
f 425 480 164
f 477 480 425
f 177 478 492
f 478 98 488
f 492 488 179
f 478 488 492
f 164 490 426
f 490 179 487
f 426 487 95
f 490 487 426
f 177 492 480
f 492 179 490
f 480 490 164
f 492 490 480
f 72 649 291
f 649 217 652
f 291 652 128
f 649 652 291
f 217 650 666
f 650 107 663
f 666 663 220
f 650 663 666
f 128 664 292
f 664 220 662
f 292 662 85
f 664 662 292
f 217 666 652
f 666 220 664
f 652 664 128
f 666 664 652
f 107 654 674
f 654 218 677
f 674 677 222
f 654 677 674
f 218 653 656
f 653 78 631
f 656 631 213
f 653 631 656
f 222 675 673
f 675 213 632
f 673 632 106
f 675 632 673
f 218 656 677
f 656 213 675
f 677 675 222
f 656 675 677
f 85 639 290
f 639 215 641
f 290 641 127
f 639 641 290
f 215 640 642
f 640 106 628
f 642 628 212
f 640 628 642
f 127 630 289
f 630 212 627
f 289 627 71
f 630 627 289
f 215 642 641
f 642 212 630
f 641 630 127
f 642 630 641
f 107 674 663
f 674 222 678
f 663 678 220
f 674 678 663
f 222 673 676
f 673 106 640
f 676 640 215
f 673 640 676
f 220 665 662
f 665 215 639
f 662 639 85
f 665 639 662
f 222 676 678
f 676 215 665
f 678 665 220
f 676 665 678
f 78 683 617
f 683 224 686
f 617 686 209
f 683 686 617
f 224 684 707
f 684 108 704
f 707 704 228
f 684 704 707
f 209 705 618
f 705 228 703
f 618 703 105
f 705 703 618
f 224 707 686
f 707 228 705
f 686 705 209
f 707 705 686
f 108 680 693
f 680 223 696
f 693 696 226
f 680 696 693
f 223 679 682
f 679 77 541
f 682 541 191
f 679 541 682
f 226 694 692
f 694 191 542
f 692 542 101
f 694 542 692
f 223 682 696
f 682 191 694
f 696 694 226
f 682 694 696
f 105 624 614
f 624 211 626
f 614 626 208
f 624 626 614
f 211 623 625
f 623 101 539
f 625 539 190
f 623 539 625
f 208 616 613
f 616 190 538
f 613 538 69
f 616 538 613
f 211 625 626
f 625 190 616
f 626 616 208
f 625 616 626
f 108 693 704
f 693 226 708
f 704 708 228
f 693 708 704
f 226 692 695
f 692 101 623
f 695 623 211
f 692 623 695
f 228 706 703
f 706 211 624
f 703 624 105
f 706 624 703
f 226 695 708
f 695 211 706
f 708 706 228
f 695 706 708
f 77 573 551
f 573 199 576
f 551 576 194
f 573 576 551
f 199 574 597
f 574 103 594
f 597 594 203
f 574 594 597
f 194 595 552
f 595 203 593
f 552 593 102
f 595 593 552
f 199 597 576
f 597 203 595
f 576 595 194
f 597 595 576
f 103 570 583
f 570 198 586
f 583 586 201
f 570 586 583
f 198 569 572
f 569 74 347
f 572 347 144
f 569 347 572
f 201 584 582
f 584 144 348
f 582 348 90
f 584 348 582
f 198 572 586
f 572 144 584
f 586 584 201
f 572 584 586
f 102 560 548
f 560 196 562
f 548 562 193
f 560 562 548
f 196 559 561
f 559 90 346
f 561 346 143
f 559 346 561
f 193 550 547
f 550 143 345
f 547 345 73
f 550 345 547
f 196 561 562
f 561 143 550
f 562 550 193
f 561 550 562
f 103 583 594
f 583 201 598
f 594 598 203
f 583 598 594
f 201 582 585
f 582 90 559
f 585 559 196
f 582 559 585
f 203 596 593
f 596 196 560
f 593 560 102
f 596 560 593
f 201 585 598
f 585 196 596
f 598 596 203
f 585 596 598
f 74 331 389
f 331 140 391
f 389 391 156
f 331 391 389
f 140 332 399
f 332 89 397
f 399 397 158
f 332 397 399
f 156 401 390
f 401 158 398
f 390 398 94
f 401 398 390
f 140 399 391
f 399 158 401
f 391 401 156
f 399 401 391
f 89 329 354
f 329 139 356
f 354 356 147
f 329 356 354
f 139 328 351
f 328 68 349
f 351 349 145
f 328 349 351
f 147 357 355
f 357 145 350
f 355 350 91
f 357 350 355
f 139 351 356
f 351 145 357
f 356 357 147
f 351 357 356
f 94 408 394
f 408 160 411
f 394 411 157
f 408 411 394
f 160 407 409
f 407 91 353
f 409 353 146
f 407 353 409
f 157 395 393
f 395 146 352
f 393 352 75
f 395 352 393
f 160 409 411
f 409 146 395
f 411 395 157
f 409 395 411
f 89 354 397
f 354 147 400
f 397 400 158
f 354 400 397
f 147 355 410
f 355 91 407
f 410 407 160
f 355 407 410
f 158 412 398
f 412 160 408
f 398 408 94
f 412 408 398
f 147 410 400
f 410 160 412
f 400 412 158
f 410 412 400
f 70 433 246
f 433 166 435
f 246 435 116
f 433 435 246
f 166 434 442
f 434 96 440
f 442 440 168
f 434 440 442
f 116 441 247
f 441 168 439
f 247 439 82
f 441 439 247
f 166 442 435
f 442 168 441
f 435 441 116
f 442 441 435
f 96 438 463
f 438 167 465
f 463 465 174
f 438 465 463
f 167 437 453
f 437 76 451
f 453 451 171
f 437 451 453
f 174 467 464
f 467 171 452
f 464 452 97
f 467 452 464
f 167 453 465
f 453 171 467
f 465 467 174
f 453 467 465
f 82 454 250
f 454 172 456
f 250 456 117
f 454 456 250
f 172 455 458
f 455 97 448
f 458 448 170
f 455 448 458
f 117 449 249
f 449 170 447
f 249 447 71
f 449 447 249
f 172 458 456
f 458 170 449
f 456 449 117
f 458 449 456
f 96 463 440
f 463 174 466
f 440 466 168
f 463 466 440
f 174 464 468
f 464 97 455
f 468 455 172
f 464 455 468
f 168 457 439
f 457 172 454
f 439 454 82
f 457 454 439
f 174 468 466
f 468 172 457
f 466 457 168
f 468 457 466
f 70 246 235
f 246 116 248
f 235 248 112
f 246 248 235
f 116 247 256
f 247 82 253
f 256 253 118
f 247 253 256
f 112 254 236
f 254 118 252
f 236 252 80
f 254 252 236
f 116 256 248
f 256 118 254
f 248 254 112
f 256 254 248
f 82 250 258
f 250 117 261
f 258 261 119
f 250 261 258
f 117 249 251
f 249 71 240
f 251 240 114
f 249 240 251
f 119 259 257
f 259 114 241
f 257 241 81
f 259 241 257
f 117 251 261
f 251 114 259
f 261 259 119
f 251 259 261
f 80 242 234
f 242 115 244
f 234 244 111
f 242 244 234
f 115 243 245
f 243 81 238
f 245 238 113
f 243 238 245
f 111 239 233
f 239 113 237
f 233 237 69
f 239 237 233
f 115 245 244
f 245 113 239
f 244 239 111
f 245 239 244
f 82 258 253
f 258 119 262
f 253 262 118
f 258 262 253
f 119 257 260
f 257 81 243
f 260 243 115
f 257 243 260
f 118 255 252
f 255 115 242
f 252 242 80
f 255 242 252
f 119 260 262
f 260 115 255
f 262 255 118
f 260 255 262
f 70 235 302
f 235 112 304
f 302 304 132
f 235 304 302
f 112 236 310
f 236 80 308
f 310 308 134
f 236 308 310
f 132 312 303
f 312 134 309
f 303 309 87
f 312 309 303
f 112 310 304
f 310 134 312
f 304 312 132
f 310 312 304
f 80 234 298
f 234 111 300
f 298 300 131
f 234 300 298
f 111 233 295
f 233 69 293
f 295 293 129
f 233 293 295
f 131 301 299
f 301 129 294
f 299 294 86
f 301 294 299
f 111 295 300
f 295 129 301
f 300 301 131
f 295 301 300
f 87 314 306
f 314 135 317
f 306 317 133
f 314 317 306
f 135 313 315
f 313 86 297
f 315 297 130
f 313 297 315
f 133 307 305
f 307 130 296
f 305 296 73
f 307 296 305
f 135 315 317
f 315 130 307
f 317 307 133
f 315 307 317
f 80 298 308
f 298 131 311
f 308 311 134
f 298 311 308
f 131 299 316
f 299 86 313
f 316 313 135
f 299 313 316
f 134 318 309
f 318 135 314
f 309 314 87
f 318 314 309
f 131 316 311
f 316 135 318
f 311 318 134
f 316 318 311
f 70 302 358
f 302 132 360
f 358 360 148
f 302 360 358
f 132 303 365
f 303 87 363
f 365 363 150
f 303 363 365
f 148 366 359
f 366 150 364
f 359 364 92
f 366 364 359
f 132 365 360
f 365 150 366
f 360 366 148
f 365 366 360
f 87 306 374
f 306 133 376
f 374 376 153
f 306 376 374
f 133 305 369
f 305 73 367
f 369 367 151
f 305 367 369
f 153 378 375
f 378 151 368
f 375 368 93
f 378 368 375
f 133 369 376
f 369 151 378
f 376 378 153
f 369 378 376
f 92 383 362
f 383 155 385
f 362 385 149
f 383 385 362
f 155 384 387
f 384 93 372
f 387 372 152
f 384 372 387
f 149 373 361
f 373 152 371
f 361 371 75
f 373 371 361
f 155 387 385
f 387 152 373
f 385 373 149
f 387 373 385
f 87 374 363
f 374 153 377
f 363 377 150
f 374 377 363
f 153 375 388
f 375 93 384
f 388 384 155
f 375 384 388
f 150 386 364
f 386 155 383
f 364 383 92
f 386 383 364
f 153 388 377
f 388 155 386
f 377 386 150
f 388 386 377
f 70 358 433
f 358 148 436
f 433 436 166
f 358 436 433
f 148 359 445
f 359 92 443
f 445 443 169
f 359 443 445
f 166 446 434
f 446 169 444
f 434 444 96
f 446 444 434
f 148 445 436
f 445 169 446
f 436 446 166
f 445 446 436
f 92 362 512
f 362 149 514
f 512 514 184
f 362 514 512
f 149 361 502
f 361 75 499
f 502 499 181
f 361 499 502
f 184 516 513
f 516 181 500
f 513 500 99
f 516 500 513
f 149 502 514
f 502 181 516
f 514 516 184
f 502 516 514
f 96 523 438
f 523 186 525
f 438 525 167
f 523 525 438
f 186 524 527
f 524 99 504
f 527 504 182
f 524 504 527
f 167 506 437
f 506 182 503
f 437 503 76
f 506 503 437
f 186 527 525
f 527 182 506
f 525 506 167
f 527 506 525
f 92 512 443
f 512 184 515
f 443 515 169
f 512 515 443
f 184 513 528
f 513 99 524
f 528 524 186
f 513 524 528
f 169 526 444
f 526 186 523
f 444 523 96
f 526 523 444
f 184 528 515
f 528 186 526
f 515 526 169
f 528 526 515
f 71 447 289
f 447 170 450
f 289 450 127
f 447 450 289
f 170 448 462
f 448 97 460
f 462 460 173
f 448 460 462
f 127 461 290
f 461 173 459
f 290 459 85
f 461 459 290
f 170 462 450
f 462 173 461
f 450 461 127
f 462 461 450
f 97 452 493
f 452 171 495
f 493 495 180
f 452 495 493
f 171 451 476
f 451 76 473
f 476 473 176
f 451 473 476
f 180 497 494
f 497 176 474
f 494 474 98
f 497 474 494
f 171 476 495
f 476 176 497
f 495 497 180
f 476 497 495
f 85 482 292
f 482 178 484
f 292 484 128
f 482 484 292
f 178 483 486
f 483 98 470
f 486 470 175
f 483 470 486
f 128 472 291
f 472 175 469
f 291 469 72
f 472 469 291
f 178 486 484
f 486 175 472
f 484 472 128
f 486 472 484
f 97 493 460
f 493 180 496
f 460 496 173
f 493 496 460
f 180 494 498
f 494 98 483
f 498 483 178
f 494 483 498
f 173 485 459
f 485 178 482
f 459 482 85
f 485 482 459
f 180 498 496
f 498 178 485
f 496 485 173
f 498 485 496
f 69 237 613
f 237 113 615
f 613 615 208
f 237 615 613
f 113 238 621
f 238 81 619
f 621 619 210
f 238 619 621
f 208 622 614
f 622 210 620
f 614 620 105
f 622 620 614
f 113 621 615
f 621 210 622
f 615 622 208
f 621 622 615
f 81 241 634
f 241 114 636
f 634 636 214
f 241 636 634
f 114 240 629
f 240 71 627
f 629 627 212
f 240 627 629
f 214 638 635
f 638 212 628
f 635 628 106
f 638 628 635
f 114 629 636
f 629 212 638
f 636 638 214
f 629 638 636
f 105 643 618
f 643 216 645
f 618 645 209
f 643 645 618
f 216 644 647
f 644 106 632
f 647 632 213
f 644 632 647
f 209 633 617
f 633 213 631
f 617 631 78
f 633 631 617
f 216 647 645
f 647 213 633
f 645 633 209
f 647 633 645
f 81 634 619
f 634 214 637
f 619 637 210
f 634 637 619
f 214 635 648
f 635 106 644
f 648 644 216
f 635 644 648
f 210 646 620
f 646 216 643
f 620 643 105
f 646 643 620
f 214 648 637
f 648 216 646
f 637 646 210
f 648 646 637
f 73 296 547
f 296 130 549
f 547 549 193
f 296 549 547
f 130 297 556
f 297 86 554
f 556 554 195
f 297 554 556
f 193 558 548
f 558 195 555
f 548 555 102
f 558 555 548
f 130 556 549
f 556 195 558
f 549 558 193
f 556 558 549
f 86 294 543
f 294 129 545
f 543 545 192
f 294 545 543
f 129 293 540
f 293 69 538
f 540 538 190
f 293 538 540
f 192 546 544
f 546 190 539
f 544 539 101
f 546 539 544
f 129 540 545
f 540 190 546
f 545 546 192
f 540 546 545
f 102 564 552
f 564 197 567
f 552 567 194
f 564 567 552
f 197 563 565
f 563 101 542
f 565 542 191
f 563 542 565
f 194 553 551
f 553 191 541
f 551 541 77
f 553 541 551
f 197 565 567
f 565 191 553
f 567 553 194
f 565 553 567
f 86 543 554
f 543 192 557
f 554 557 195
f 543 557 554
f 192 544 566
f 544 101 563
f 566 563 197
f 544 563 566
f 195 568 555
f 568 197 564
f 555 564 102
f 568 564 555
f 192 566 557
f 566 197 568
f 557 568 195
f 566 568 557
f 75 371 393
f 371 152 396
f 393 396 157
f 371 396 393
f 152 372 415
f 372 93 413
f 415 413 161
f 372 413 415
f 157 417 394
f 417 161 414
f 394 414 94
f 417 414 394
f 152 415 396
f 415 161 417
f 396 417 157
f 415 417 396
f 93 368 380
f 368 151 382
f 380 382 154
f 368 382 380
f 151 367 370
f 367 73 345
f 370 345 143
f 367 345 370
f 154 381 379
f 381 143 346
f 379 346 90
f 381 346 379
f 151 370 382
f 370 143 381
f 382 381 154
f 370 381 382
f 94 403 390
f 403 159 406
f 390 406 156
f 403 406 390
f 159 402 404
f 402 90 348
f 404 348 144
f 402 348 404
f 156 392 389
f 392 144 347
f 389 347 74
f 392 347 389
f 159 404 406
f 404 144 392
f 406 392 156
f 404 392 406
f 93 380 413
f 380 154 416
f 413 416 161
f 380 416 413
f 154 379 405
f 379 90 402
f 405 402 159
f 379 402 405
f 161 418 414
f 418 159 403
f 414 403 94
f 418 403 414
f 154 405 416
f 405 159 418
f 416 418 161
f 405 418 416
f 76 503 423
f 503 182 505
f 423 505 163
f 503 505 423
f 182 504 521
f 504 99 518
f 521 518 185
f 504 518 521
f 163 519 424
f 519 185 517
f 424 517 95
f 519 517 424
f 182 521 505
f 521 185 519
f 505 519 163
f 521 519 505
f 99 500 508
f 500 181 511
f 508 511 183
f 500 511 508
f 181 499 501
f 499 75 352
f 501 352 146
f 499 352 501
f 183 509 507
f 509 146 353
f 507 353 91
f 509 353 507
f 181 501 511
f 501 146 509
f 511 509 183
f 501 509 511
f 95 430 420
f 430 165 432
f 420 432 162
f 430 432 420
f 165 429 431
f 429 91 350
f 431 350 145
f 429 350 431
f 162 422 419
f 422 145 349
f 419 349 68
f 422 349 419
f 165 431 432
f 431 145 422
f 432 422 162
f 431 422 432
f 99 508 518
f 508 183 522
f 518 522 185
f 508 522 518
f 183 507 510
f 507 91 429
f 510 429 165
f 507 429 510
f 185 520 517
f 520 165 430
f 517 430 95
f 520 430 517
f 183 510 522
f 510 165 520
f 522 520 185
f 510 520 522
f 709 1241 905
f 1241 846 1243
f 905 1243 762
f 1241 1243 905
f 846 1242 1250
f 1242 746 1248
f 1250 1248 848
f 1242 1248 1250
f 762 1249 906
f 1249 848 1247
f 906 1247 725
f 1249 1247 906
f 846 1250 1243
f 1250 848 1249
f 1243 1249 762
f 1250 1249 1243
f 746 1246 1309
f 1246 847 1311
f 1309 1311 863
f 1246 1311 1309
f 847 1245 1297
f 1245 720 1295
f 1297 1295 860
f 1245 1295 1297
f 863 1313 1310
f 1313 860 1296
f 1310 1296 749
f 1313 1296 1310
f 847 1297 1311
f 1297 860 1313
f 1311 1313 863
f 1297 1313 1311
f 725 1299 909
f 1299 861 1301
f 909 1301 763
f 1299 1301 909
f 861 1300 1303
f 1300 749 1292
f 1303 1292 859
f 1300 1292 1303
f 763 1293 908
f 1293 859 1291
f 908 1291 714
f 1293 1291 908
f 861 1303 1301
f 1303 859 1293
f 1301 1293 763
f 1303 1293 1301
f 746 1309 1248
f 1309 863 1312
f 1248 1312 848
f 1309 1312 1248
f 863 1310 1314
f 1310 749 1300
f 1314 1300 861
f 1310 1300 1314
f 848 1302 1247
f 1302 861 1299
f 1247 1299 725
f 1302 1299 1247
f 863 1314 1312
f 1314 861 1302
f 1312 1302 848
f 1314 1302 1312
f 709 905 871
f 905 762 907
f 871 907 751
f 905 907 871
f 762 906 913
f 906 725 911
f 913 911 764
f 906 911 913
f 751 912 872
f 912 764 910
f 872 910 721
f 912 910 872
f 762 913 907
f 913 764 912
f 907 912 751
f 913 912 907
f 725 909 925
f 909 763 927
f 925 927 768
f 909 927 925
f 763 908 919
f 908 714 917
f 919 917 766
f 908 917 919
f 768 929 926
f 929 766 918
f 926 918 726
f 929 918 926
f 763 919 927
f 919 766 929
f 927 929 768
f 919 929 927
f 721 920 874
f 920 767 922
f 874 922 752
f 920 922 874
f 767 921 924
f 921 726 915
f 924 915 765
f 921 915 924
f 752 916 873
f 916 765 914
f 873 914 710
f 916 914 873
f 767 924 922
f 924 765 916
f 922 916 752
f 924 916 922
f 725 925 911
f 925 768 928
f 911 928 764
f 925 928 911
f 768 926 930
f 926 726 921
f 930 921 767
f 926 921 930
f 764 923 910
f 923 767 920
f 910 920 721
f 923 920 910
f 768 930 928
f 930 767 923
f 928 923 764
f 930 923 928
f 709 871 961
f 871 751 963
f 961 963 778
f 871 963 961
f 751 872 968
f 872 721 966
f 968 966 780
f 872 966 968
f 778 969 962
f 969 780 967
f 962 967 730
f 969 967 962
f 751 968 963
f 968 780 969
f 963 969 778
f 968 969 963
f 721 874 976
f 874 752 978
f 976 978 783
f 874 978 976
f 752 873 972
f 873 710 970
f 972 970 781
f 873 970 972
f 783 980 977
f 980 781 971
f 977 971 731
f 980 971 977
f 752 972 978
f 972 781 980
f 978 980 783
f 972 980 978
f 730 981 965
f 981 784 983
f 965 983 779
f 981 983 965
f 784 982 985
f 982 731 974
f 985 974 782
f 982 974 985
f 779 975 964
f 975 782 973
f 964 973 716
f 975 973 964
f 784 985 983
f 985 782 975
f 983 975 779
f 985 975 983
f 721 976 966
f 976 783 979
f 966 979 780
f 976 979 966
f 783 977 986
f 977 731 982
f 986 982 784
f 977 982 986
f 780 984 967
f 984 784 981
f 967 981 730
f 984 981 967
f 783 986 979
f 986 784 984
f 979 984 780
f 986 984 979
f 709 961 1171
f 961 778 1173
f 1171 1173 829
f 961 1173 1171
f 778 962 1178
f 962 730 1176
f 1178 1176 831
f 962 1176 1178
f 829 1179 1172
f 1179 831 1177
f 1172 1177 742
f 1179 1177 1172
f 778 1178 1173
f 1178 831 1179
f 1173 1179 829
f 1178 1179 1173
f 730 965 1219
f 965 779 1221
f 1219 1221 842
f 965 1221 1219
f 779 964 1213
f 964 716 1211
f 1213 1211 840
f 964 1211 1213
f 842 1223 1220
f 1223 840 1212
f 1220 1212 745
f 1223 1212 1220
f 779 1213 1221
f 1213 840 1223
f 1221 1223 842
f 1213 1223 1221
f 742 1229 1175
f 1229 844 1231
f 1175 1231 830
f 1229 1231 1175
f 844 1230 1233
f 1230 745 1216
f 1233 1216 841
f 1230 1216 1233
f 830 1217 1174
f 1217 841 1215
f 1174 1215 719
f 1217 1215 1174
f 844 1233 1231
f 1233 841 1217
f 1231 1217 830
f 1233 1217 1231
f 730 1219 1176
f 1219 842 1222
f 1176 1222 831
f 1219 1222 1176
f 842 1220 1234
f 1220 745 1230
f 1234 1230 844
f 1220 1230 1234
f 831 1232 1177
f 1232 844 1229
f 1177 1229 742
f 1232 1229 1177
f 842 1234 1222
f 1234 844 1232
f 1222 1232 831
f 1234 1232 1222
f 709 1171 1241
f 1171 829 1244
f 1241 1244 846
f 1171 1244 1241
f 829 1172 1253
f 1172 742 1251
f 1253 1251 849
f 1172 1251 1253
f 846 1254 1242
f 1254 849 1252
f 1242 1252 746
f 1254 1252 1242
f 829 1253 1244
f 1253 849 1254
f 1244 1254 846
f 1253 1254 1244
f 742 1175 1329
f 1175 830 1331
f 1329 1331 867
f 1175 1331 1329
f 830 1174 1323
f 1174 719 1321
f 1323 1321 865
f 1174 1321 1323
f 867 1333 1330
f 1333 865 1322
f 1330 1322 750
f 1333 1322 1330
f 830 1323 1331
f 1323 865 1333
f 1331 1333 867
f 1323 1333 1331
f 746 1339 1246
f 1339 869 1341
f 1246 1341 847
f 1339 1341 1246
f 869 1340 1343
f 1340 750 1326
f 1343 1326 866
f 1340 1326 1343
f 847 1327 1245
f 1327 866 1325
f 1245 1325 720
f 1327 1325 1245
f 869 1343 1341
f 1343 866 1327
f 1341 1327 847
f 1343 1327 1341
f 742 1329 1251
f 1329 867 1332
f 1251 1332 849
f 1329 1332 1251
f 867 1330 1344
f 1330 750 1340
f 1344 1340 869
f 1330 1340 1344
f 849 1342 1252
f 1342 869 1339
f 1252 1339 746
f 1342 1339 1252
f 867 1344 1332
f 1344 869 1342
f 1332 1342 849
f 1344 1342 1332
f 710 914 1061
f 914 765 1063
f 1061 1063 804
f 914 1063 1061
f 765 915 1069
f 915 726 1067
f 1069 1067 806
f 915 1067 1069
f 804 1070 1062
f 1070 806 1068
f 1062 1068 737
f 1070 1068 1062
f 765 1069 1063
f 1069 806 1070
f 1063 1070 804
f 1069 1070 1063
f 726 918 1119
f 918 766 1121
f 1119 1121 819
f 918 1121 1119
f 766 917 1113
f 917 714 1111
f 1113 1111 817
f 917 1111 1113
f 819 1123 1120
f 1123 817 1112
f 1120 1112 740
f 1123 1112 1120
f 766 1113 1121
f 1113 817 1123
f 1121 1123 819
f 1113 1123 1121
f 737 1129 1066
f 1129 821 1131
f 1066 1131 805
f 1129 1131 1066
f 821 1130 1133
f 1130 740 1116
f 1133 1116 818
f 1130 1116 1133
f 805 1117 1065
f 1117 818 1115
f 1065 1115 718
f 1117 1115 1065
f 821 1133 1131
f 1133 818 1117
f 1131 1117 805
f 1133 1117 1131
f 726 1119 1067
f 1119 819 1122
f 1067 1122 806
f 1119 1122 1067
f 819 1120 1134
f 1120 740 1130
f 1134 1130 821
f 1120 1130 1134
f 806 1132 1068
f 1132 821 1129
f 1068 1129 737
f 1132 1129 1068
f 819 1134 1122
f 1134 821 1132
f 1122 1132 806
f 1134 1132 1122
f 714 1291 933
f 1291 859 1294
f 933 1294 770
f 1291 1294 933
f 859 1292 1308
f 1292 749 1305
f 1308 1305 862
f 1292 1305 1308
f 770 1306 934
f 1306 862 1304
f 934 1304 727
f 1306 1304 934
f 859 1308 1294
f 1308 862 1306
f 1294 1306 770
f 1308 1306 1294
f 749 1296 1316
f 1296 860 1319
f 1316 1319 864
f 1296 1319 1316
f 860 1295 1298
f 1295 720 1273
f 1298 1273 855
f 1295 1273 1298
f 864 1317 1315
f 1317 855 1274
f 1315 1274 748
f 1317 1274 1315
f 860 1298 1319
f 1298 855 1317
f 1319 1317 864
f 1298 1317 1319
f 727 1281 932
f 1281 857 1283
f 932 1283 769
f 1281 1283 932
f 857 1282 1284
f 1282 748 1270
f 1284 1270 854
f 1282 1270 1284
f 769 1272 931
f 1272 854 1269
f 931 1269 713
f 1272 1269 931
f 857 1284 1283
f 1284 854 1272
f 1283 1272 769
f 1284 1272 1283
f 749 1316 1305
f 1316 864 1320
f 1305 1320 862
f 1316 1320 1305
f 864 1315 1318
f 1315 748 1282
f 1318 1282 857
f 1315 1282 1318
f 862 1307 1304
f 1307 857 1281
f 1304 1281 727
f 1307 1281 1304
f 864 1318 1320
f 1318 857 1307
f 1320 1307 862
f 1318 1307 1320
f 720 1325 1259
f 1325 866 1328
f 1259 1328 851
f 1325 1328 1259
f 866 1326 1349
f 1326 750 1346
f 1349 1346 870
f 1326 1346 1349
f 851 1347 1260
f 1347 870 1345
f 1260 1345 747
f 1347 1345 1260
f 866 1349 1328
f 1349 870 1347
f 1328 1347 851
f 1349 1347 1328
f 750 1322 1335
f 1322 865 1338
f 1335 1338 868
f 1322 1338 1335
f 865 1321 1324
f 1321 719 1183
f 1324 1183 833
f 1321 1183 1324
f 868 1336 1334
f 1336 833 1184
f 1334 1184 743
f 1336 1184 1334
f 865 1324 1338
f 1324 833 1336
f 1338 1336 868
f 1324 1336 1338
f 747 1266 1256
f 1266 853 1268
f 1256 1268 850
f 1266 1268 1256
f 853 1265 1267
f 1265 743 1181
f 1267 1181 832
f 1265 1181 1267
f 850 1258 1255
f 1258 832 1180
f 1255 1180 711
f 1258 1180 1255
f 853 1267 1268
f 1267 832 1258
f 1268 1258 850
f 1267 1258 1268
f 750 1335 1346
f 1335 868 1350
f 1346 1350 870
f 1335 1350 1346
f 868 1334 1337
f 1334 743 1265
f 1337 1265 853
f 1334 1265 1337
f 870 1348 1345
f 1348 853 1266
f 1345 1266 747
f 1348 1266 1345
f 868 1337 1350
f 1337 853 1348
f 1350 1348 870
f 1337 1348 1350
f 719 1215 1193
f 1215 841 1218
f 1193 1218 836
f 1215 1218 1193
f 841 1216 1239
f 1216 745 1236
f 1239 1236 845
f 1216 1236 1239
f 836 1237 1194
f 1237 845 1235
f 1194 1235 744
f 1237 1235 1194
f 841 1239 1218
f 1239 845 1237
f 1218 1237 836
f 1239 1237 1218
f 745 1212 1225
f 1212 840 1228
f 1225 1228 843
f 1212 1228 1225
f 840 1211 1214
f 1211 716 989
f 1214 989 786
f 1211 989 1214
f 843 1226 1224
f 1226 786 990
f 1224 990 732
f 1226 990 1224
f 840 1214 1228
f 1214 786 1226
f 1228 1226 843
f 1214 1226 1228
f 744 1202 1190
f 1202 838 1204
f 1190 1204 835
f 1202 1204 1190
f 838 1201 1203
f 1201 732 988
f 1203 988 785
f 1201 988 1203
f 835 1192 1189
f 1192 785 987
f 1189 987 715
f 1192 987 1189
f 838 1203 1204
f 1203 785 1192
f 1204 1192 835
f 1203 1192 1204
f 745 1225 1236
f 1225 843 1240
f 1236 1240 845
f 1225 1240 1236
f 843 1224 1227
f 1224 732 1201
f 1227 1201 838
f 1224 1201 1227
f 845 1238 1235
f 1238 838 1202
f 1235 1202 744
f 1238 1202 1235
f 843 1227 1240
f 1227 838 1238
f 1240 1238 845
f 1227 1238 1240
f 716 973 1031
f 973 782 1033
f 1031 1033 798
f 973 1033 1031
f 782 974 1041
f 974 731 1039
f 1041 1039 800
f 974 1039 1041
f 798 1043 1032
f 1043 800 1040
f 1032 1040 736
f 1043 1040 1032
f 782 1041 1033
f 1041 800 1043
f 1033 1043 798
f 1041 1043 1033
f 731 971 996
f 971 781 998
f 996 998 789
f 971 998 996
f 781 970 993
f 970 710 991
f 993 991 787
f 970 991 993
f 789 999 997
f 999 787 992
f 997 992 733
f 999 992 997
f 781 993 998
f 993 787 999
f 998 999 789
f 993 999 998
f 736 1050 1036
f 1050 802 1053
f 1036 1053 799
f 1050 1053 1036
f 802 1049 1051
f 1049 733 995
f 1051 995 788
f 1049 995 1051
f 799 1037 1035
f 1037 788 994
f 1035 994 717
f 1037 994 1035
f 802 1051 1053
f 1051 788 1037
f 1053 1037 799
f 1051 1037 1053
f 731 996 1039
f 996 789 1042
f 1039 1042 800
f 996 1042 1039
f 789 997 1052
f 997 733 1049
f 1052 1049 802
f 997 1049 1052
f 800 1054 1040
f 1054 802 1050
f 1040 1050 736
f 1054 1050 1040
f 789 1052 1042
f 1052 802 1054
f 1042 1054 800
f 1052 1054 1042
f 712 1075 888
f 1075 808 1077
f 888 1077 758
f 1075 1077 888
f 808 1076 1084
f 1076 738 1082
f 1084 1082 810
f 1076 1082 1084
f 758 1083 889
f 1083 810 1081
f 889 1081 724
f 1083 1081 889
f 808 1084 1077
f 1084 810 1083
f 1077 1083 758
f 1084 1083 1077
f 738 1080 1105
f 1080 809 1107
f 1105 1107 816
f 1080 1107 1105
f 809 1079 1095
f 1079 718 1093
f 1095 1093 813
f 1079 1093 1095
f 816 1109 1106
f 1109 813 1094
f 1106 1094 739
f 1109 1094 1106
f 809 1095 1107
f 1095 813 1109
f 1107 1109 816
f 1095 1109 1107
f 724 1096 892
f 1096 814 1098
f 892 1098 759
f 1096 1098 892
f 814 1097 1100
f 1097 739 1090
f 1100 1090 812
f 1097 1090 1100
f 759 1091 891
f 1091 812 1089
f 891 1089 713
f 1091 1089 891
f 814 1100 1098
f 1100 812 1091
f 1098 1091 759
f 1100 1091 1098
f 738 1105 1082
f 1105 816 1108
f 1082 1108 810
f 1105 1108 1082
f 816 1106 1110
f 1106 739 1097
f 1110 1097 814
f 1106 1097 1110
f 810 1099 1081
f 1099 814 1096
f 1081 1096 724
f 1099 1096 1081
f 816 1110 1108
f 1110 814 1099
f 1108 1099 810
f 1110 1099 1108
f 712 888 877
f 888 758 890
f 877 890 754
f 888 890 877
f 758 889 898
f 889 724 895
f 898 895 760
f 889 895 898
f 754 896 878
f 896 760 894
f 878 894 722
f 896 894 878
f 758 898 890
f 898 760 896
f 890 896 754
f 898 896 890
f 724 892 900
f 892 759 903
f 900 903 761
f 892 903 900
f 759 891 893
f 891 713 882
f 893 882 756
f 891 882 893
f 761 901 899
f 901 756 883
f 899 883 723
f 901 883 899
f 759 893 903
f 893 756 901
f 903 901 761
f 893 901 903
f 722 884 876
f 884 757 886
f 876 886 753
f 884 886 876
f 757 885 887
f 885 723 880
f 887 880 755
f 885 880 887
f 753 881 875
f 881 755 879
f 875 879 711
f 881 879 875
f 757 887 886
f 887 755 881
f 886 881 753
f 887 881 886
f 724 900 895
f 900 761 904
f 895 904 760
f 900 904 895
f 761 899 902
f 899 723 885
f 902 885 757
f 899 885 902
f 760 897 894
f 897 757 884
f 894 884 722
f 897 884 894
f 761 902 904
f 902 757 897
f 904 897 760
f 902 897 904
f 712 877 944
f 877 754 946
f 944 946 774
f 877 946 944
f 754 878 952
f 878 722 950
f 952 950 776
f 878 950 952
f 774 954 945
f 954 776 951
f 945 951 729
f 954 951 945
f 754 952 946
f 952 776 954
f 946 954 774
f 952 954 946
f 722 876 940
f 876 753 942
f 940 942 773
f 876 942 940
f 753 875 937
f 875 711 935
f 937 935 771
f 875 935 937
f 773 943 941
f 943 771 936
f 941 936 728
f 943 936 941
f 753 937 942
f 937 771 943
f 942 943 773
f 937 943 942
f 729 956 948
f 956 777 959
f 948 959 775
f 956 959 948
f 777 955 957
f 955 728 939
f 957 939 772
f 955 939 957
f 775 949 947
f 949 772 938
f 947 938 715
f 949 938 947
f 777 957 959
f 957 772 949
f 959 949 775
f 957 949 959
f 722 940 950
f 940 773 953
f 950 953 776
f 940 953 950
f 773 941 958
f 941 728 955
f 958 955 777
f 941 955 958
f 776 960 951
f 960 777 956
f 951 956 729
f 960 956 951
f 773 958 953
f 958 777 960
f 953 960 776
f 958 960 953
f 712 944 1000
f 944 774 1002
f 1000 1002 790
f 944 1002 1000
f 774 945 1007
f 945 729 1005
f 1007 1005 792
f 945 1005 1007
f 790 1008 1001
f 1008 792 1006
f 1001 1006 734
f 1008 1006 1001
f 774 1007 1002
f 1007 792 1008
f 1002 1008 790
f 1007 1008 1002
f 729 948 1016
f 948 775 1018
f 1016 1018 795
f 948 1018 1016
f 775 947 1011
f 947 715 1009
f 1011 1009 793
f 947 1009 1011
f 795 1020 1017
f 1020 793 1010
f 1017 1010 735
f 1020 1010 1017
f 775 1011 1018
f 1011 793 1020
f 1018 1020 795
f 1011 1020 1018
f 734 1025 1004
f 1025 797 1027
f 1004 1027 791
f 1025 1027 1004
f 797 1026 1029
f 1026 735 1014
f 1029 1014 794
f 1026 1014 1029
f 791 1015 1003
f 1015 794 1013
f 1003 1013 717
f 1015 1013 1003
f 797 1029 1027
f 1029 794 1015
f 1027 1015 791
f 1029 1015 1027
f 729 1016 1005
f 1016 795 1019
f 1005 1019 792
f 1016 1019 1005
f 795 1017 1030
f 1017 735 1026
f 1030 1026 797
f 1017 1026 1030
f 792 1028 1006
f 1028 797 1025
f 1006 1025 734
f 1028 1025 1006
f 795 1030 1019
f 1030 797 1028
f 1019 1028 792
f 1030 1028 1019
f 712 1000 1075
f 1000 790 1078
f 1075 1078 808
f 1000 1078 1075
f 790 1001 1087
f 1001 734 1085
f 1087 1085 811
f 1001 1085 1087
f 808 1088 1076
f 1088 811 1086
f 1076 1086 738
f 1088 1086 1076
f 790 1087 1078
f 1087 811 1088
f 1078 1088 808
f 1087 1088 1078
f 734 1004 1154
f 1004 791 1156
f 1154 1156 826
f 1004 1156 1154
f 791 1003 1144
f 1003 717 1141
f 1144 1141 823
f 1003 1141 1144
f 826 1158 1155
f 1158 823 1142
f 1155 1142 741
f 1158 1142 1155
f 791 1144 1156
f 1144 823 1158
f 1156 1158 826
f 1144 1158 1156
f 738 1165 1080
f 1165 828 1167
f 1080 1167 809
f 1165 1167 1080
f 828 1166 1169
f 1166 741 1146
f 1169 1146 824
f 1166 1146 1169
f 809 1148 1079
f 1148 824 1145
f 1079 1145 718
f 1148 1145 1079
f 828 1169 1167
f 1169 824 1148
f 1167 1148 809
f 1169 1148 1167
f 734 1154 1085
f 1154 826 1157
f 1085 1157 811
f 1154 1157 1085
f 826 1155 1170
f 1155 741 1166
f 1170 1166 828
f 1155 1166 1170
f 811 1168 1086
f 1168 828 1165
f 1086 1165 738
f 1168 1165 1086
f 826 1170 1157
f 1170 828 1168
f 1157 1168 811
f 1170 1168 1157
f 713 1089 931
f 1089 812 1092
f 931 1092 769
f 1089 1092 931
f 812 1090 1104
f 1090 739 1102
f 1104 1102 815
f 1090 1102 1104
f 769 1103 932
f 1103 815 1101
f 932 1101 727
f 1103 1101 932
f 812 1104 1092
f 1104 815 1103
f 1092 1103 769
f 1104 1103 1092
f 739 1094 1135
f 1094 813 1137
f 1135 1137 822
f 1094 1137 1135
f 813 1093 1118
f 1093 718 1115
f 1118 1115 818
f 1093 1115 1118
f 822 1139 1136
f 1139 818 1116
f 1136 1116 740
f 1139 1116 1136
f 813 1118 1137
f 1118 818 1139
f 1137 1139 822
f 1118 1139 1137
f 727 1124 934
f 1124 820 1126
f 934 1126 770
f 1124 1126 934
f 820 1125 1128
f 1125 740 1112
f 1128 1112 817
f 1125 1112 1128
f 770 1114 933
f 1114 817 1111
f 933 1111 714
f 1114 1111 933
f 820 1128 1126
f 1128 817 1114
f 1126 1114 770
f 1128 1114 1126
f 739 1135 1102
f 1135 822 1138
f 1102 1138 815
f 1135 1138 1102
f 822 1136 1140
f 1136 740 1125
f 1140 1125 820
f 1136 1125 1140
f 815 1127 1101
f 1127 820 1124
f 1101 1124 727
f 1127 1124 1101
f 822 1140 1138
f 1140 820 1127
f 1138 1127 815
f 1140 1127 1138
f 711 879 1255
f 879 755 1257
f 1255 1257 850
f 879 1257 1255
f 755 880 1263
f 880 723 1261
f 1263 1261 852
f 880 1261 1263
f 850 1264 1256
f 1264 852 1262
f 1256 1262 747
f 1264 1262 1256
f 755 1263 1257
f 1263 852 1264
f 1257 1264 850
f 1263 1264 1257
f 723 883 1276
f 883 756 1278
f 1276 1278 856
f 883 1278 1276
f 756 882 1271
f 882 713 1269
f 1271 1269 854
f 882 1269 1271
f 856 1280 1277
f 1280 854 1270
f 1277 1270 748
f 1280 1270 1277
f 756 1271 1278
f 1271 854 1280
f 1278 1280 856
f 1271 1280 1278
f 747 1285 1260
f 1285 858 1287
f 1260 1287 851
f 1285 1287 1260
f 858 1286 1289
f 1286 748 1274
f 1289 1274 855
f 1286 1274 1289
f 851 1275 1259
f 1275 855 1273
f 1259 1273 720
f 1275 1273 1259
f 858 1289 1287
f 1289 855 1275
f 1287 1275 851
f 1289 1275 1287
f 723 1276 1261
f 1276 856 1279
f 1261 1279 852
f 1276 1279 1261
f 856 1277 1290
f 1277 748 1286
f 1290 1286 858
f 1277 1286 1290
f 852 1288 1262
f 1288 858 1285
f 1262 1285 747
f 1288 1285 1262
f 856 1290 1279
f 1290 858 1288
f 1279 1288 852
f 1290 1288 1279
f 715 938 1189
f 938 772 1191
f 1189 1191 835
f 938 1191 1189
f 772 939 1198
f 939 728 1196
f 1198 1196 837
f 939 1196 1198
f 835 1200 1190
f 1200 837 1197
f 1190 1197 744
f 1200 1197 1190
f 772 1198 1191
f 1198 837 1200
f 1191 1200 835
f 1198 1200 1191
f 728 936 1185
f 936 771 1187
f 1185 1187 834
f 936 1187 1185
f 771 935 1182
f 935 711 1180
f 1182 1180 832
f 935 1180 1182
f 834 1188 1186
f 1188 832 1181
f 1186 1181 743
f 1188 1181 1186
f 771 1182 1187
f 1182 832 1188
f 1187 1188 834
f 1182 1188 1187
f 744 1206 1194
f 1206 839 1209
f 1194 1209 836
f 1206 1209 1194
f 839 1205 1207
f 1205 743 1184
f 1207 1184 833
f 1205 1184 1207
f 836 1195 1193
f 1195 833 1183
f 1193 1183 719
f 1195 1183 1193
f 839 1207 1209
f 1207 833 1195
f 1209 1195 836
f 1207 1195 1209
f 728 1185 1196
f 1185 834 1199
f 1196 1199 837
f 1185 1199 1196
f 834 1186 1208
f 1186 743 1205
f 1208 1205 839
f 1186 1205 1208
f 837 1210 1197
f 1210 839 1206
f 1197 1206 744
f 1210 1206 1197
f 834 1208 1199
f 1208 839 1210
f 1199 1210 837
f 1208 1210 1199
f 717 1013 1035
f 1013 794 1038
f 1035 1038 799
f 1013 1038 1035
f 794 1014 1057
f 1014 735 1055
f 1057 1055 803
f 1014 1055 1057
f 799 1059 1036
f 1059 803 1056
f 1036 1056 736
f 1059 1056 1036
f 794 1057 1038
f 1057 803 1059
f 1038 1059 799
f 1057 1059 1038
f 735 1010 1022
f 1010 793 1024
f 1022 1024 796
f 1010 1024 1022
f 793 1009 1012
f 1009 715 987
f 1012 987 785
f 1009 987 1012
f 796 1023 1021
f 1023 785 988
f 1021 988 732
f 1023 988 1021
f 793 1012 1024
f 1012 785 1023
f 1024 1023 796
f 1012 1023 1024
f 736 1045 1032
f 1045 801 1048
f 1032 1048 798
f 1045 1048 1032
f 801 1044 1046
f 1044 732 990
f 1046 990 786
f 1044 990 1046
f 798 1034 1031
f 1034 786 989
f 1031 989 716
f 1034 989 1031
f 801 1046 1048
f 1046 786 1034
f 1048 1034 798
f 1046 1034 1048
f 735 1022 1055
f 1022 796 1058
f 1055 1058 803
f 1022 1058 1055
f 796 1021 1047
f 1021 732 1044
f 1047 1044 801
f 1021 1044 1047
f 803 1060 1056
f 1060 801 1045
f 1056 1045 736
f 1060 1045 1056
f 796 1047 1058
f 1047 801 1060
f 1058 1060 803
f 1047 1060 1058
f 718 1145 1065
f 1145 824 1147
f 1065 1147 805
f 1145 1147 1065
f 824 1146 1163
f 1146 741 1160
f 1163 1160 827
f 1146 1160 1163
f 805 1161 1066
f 1161 827 1159
f 1066 1159 737
f 1161 1159 1066
f 824 1163 1147
f 1163 827 1161
f 1147 1161 805
f 1163 1161 1147
f 741 1142 1150
f 1142 823 1153
f 1150 1153 825
f 1142 1153 1150
f 823 1141 1143
f 1141 717 994
f 1143 994 788
f 1141 994 1143
f 825 1151 1149
f 1151 788 995
f 1149 995 733
f 1151 995 1149
f 823 1143 1153
f 1143 788 1151
f 1153 1151 825
f 1143 1151 1153
f 737 1072 1062
f 1072 807 1074
f 1062 1074 804
f 1072 1074 1062
f 807 1071 1073
f 1071 733 992
f 1073 992 787
f 1071 992 1073
f 804 1064 1061
f 1064 787 991
f 1061 991 710
f 1064 991 1061
f 807 1073 1074
f 1073 787 1064
f 1074 1064 804
f 1073 1064 1074
f 741 1150 1160
f 1150 825 1164
f 1160 1164 827
f 1150 1164 1160
f 825 1149 1152
f 1149 733 1071
f 1152 1071 807
f 1149 1071 1152
f 827 1162 1159
f 1162 807 1072
f 1159 1072 737
f 1162 1072 1159
f 825 1152 1164
f 1152 807 1162
f 1164 1162 827
f 1152 1162 1164
f 1352 1351 1355
f 1352 1355 1353
f 1353 1355 1356
f 1353 1356 1354
f 1355 1351 1357
f 1355 1357 1356
f 1356 1357 1358
f 1356 1358 1354
f 1357 1351 1359
f 1357 1359 1358
f 1358 1359 1360
f 1358 1360 1354
f 1359 1351 1361
f 1359 1361 1360
f 1360 1361 1362
f 1360 1362 1354
f 1361 1351 1363
f 1361 1363 1362
f 1362 1363 1364
f 1362 1364 1354
f 1363 1351 1365
f 1363 1365 1364
f 1364 1365 1366
f 1364 1366 1354
f 1365 1351 1367
f 1365 1367 1366
f 1366 1367 1368
f 1366 1368 1354
f 1367 1351 1369
f 1367 1369 1368
f 1368 1369 1370
f 1368 1370 1354
f 1369 1351 1371
f 1369 1371 1370
f 1370 1371 1372
f 1370 1372 1354
f 1371 1351 1373
f 1371 1373 1372
f 1372 1373 1374
f 1372 1374 1354
f 1373 1351 1375
f 1373 1375 1374
f 1374 1375 1376
f 1374 1376 1354
f 1375 1351 1352
f 1375 1352 1376
f 1376 1352 1353
f 1376 1353 1354
f 1378 1377 1381
f 1378 1381 1379
f 1379 1381 1382
f 1379 1382 1380
f 1381 1377 1383
f 1381 1383 1382
f 1382 1383 1384
f 1382 1384 1380
f 1383 1377 1385
f 1383 1385 1384
f 1384 1385 1386
f 1384 1386 1380
f 1385 1377 1387
f 1385 1387 1386
f 1386 1387 1388
f 1386 1388 1380
f 1387 1377 1389
f 1387 1389 1388
f 1388 1389 1390
f 1388 1390 1380
f 1389 1377 1391
f 1389 1391 1390
f 1390 1391 1392
f 1390 1392 1380
f 1391 1377 1393
f 1391 1393 1392
f 1392 1393 1394
f 1392 1394 1380
f 1393 1377 1395
f 1393 1395 1394
f 1394 1395 1396
f 1394 1396 1380
f 1395 1377 1397
f 1395 1397 1396
f 1396 1397 1398
f 1396 1398 1380
f 1397 1377 1399
f 1397 1399 1398
f 1398 1399 1400
f 1398 1400 1380
f 1399 1377 1401
f 1399 1401 1400
f 1400 1401 1402
f 1400 1402 1380
f 1401 1377 1378
f 1401 1378 1402
f 1402 1378 1379
f 1402 1379 1380
f 1404 1403 1407
f 1404 1407 1405
f 1405 1407 1408
f 1405 1408 1406
f 1407 1403 1409
f 1407 1409 1408
f 1408 1409 1410
f 1408 1410 1406
f 1409 1403 1411
f 1409 1411 1410
f 1410 1411 1412
f 1410 1412 1406
f 1411 1403 1413
f 1411 1413 1412
f 1412 1413 1414
f 1412 1414 1406
f 1413 1403 1415
f 1413 1415 1414
f 1414 1415 1416
f 1414 1416 1406
f 1415 1403 1417
f 1415 1417 1416
f 1416 1417 1418
f 1416 1418 1406
f 1417 1403 1419
f 1417 1419 1418
f 1418 1419 1420
f 1418 1420 1406
f 1419 1403 1421
f 1419 1421 1420
f 1420 1421 1422
f 1420 1422 1406
f 1421 1403 1423
f 1421 1423 1422
f 1422 1423 1424
f 1422 1424 1406
f 1423 1403 1425
f 1423 1425 1424
f 1424 1425 1426
f 1424 1426 1406
f 1425 1403 1427
f 1425 1427 1426
f 1426 1427 1428
f 1426 1428 1406
f 1427 1403 1404
f 1427 1404 1428
f 1428 1404 1405
f 1428 1405 1406
f 1430 1429 1433
f 1430 1433 1431
f 1431 1433 1434
f 1431 1434 1432
f 1433 1429 1435
f 1433 1435 1434
f 1434 1435 1436
f 1434 1436 1432
f 1435 1429 1437
f 1435 1437 1436
f 1436 1437 1438
f 1436 1438 1432
f 1437 1429 1439
f 1437 1439 1438
f 1438 1439 1440
f 1438 1440 1432
f 1439 1429 1441
f 1439 1441 1440
f 1440 1441 1442
f 1440 1442 1432
f 1441 1429 1443
f 1441 1443 1442
f 1442 1443 1444
f 1442 1444 1432
f 1443 1429 1445
f 1443 1445 1444
f 1444 1445 1446
f 1444 1446 1432
f 1445 1429 1447
f 1445 1447 1446
f 1446 1447 1448
f 1446 1448 1432
f 1447 1429 1449
f 1447 1449 1448
f 1448 1449 1450
f 1448 1450 1432
f 1449 1429 1451
f 1449 1451 1450
f 1450 1451 1452
f 1450 1452 1432
f 1451 1429 1453
f 1451 1453 1452
f 1452 1453 1454
f 1452 1454 1432
f 1453 1429 1430
f 1453 1430 1454
f 1454 1430 1431
f 1454 1431 1432
f 1456 1455 1459
f 1456 1459 1457
f 1457 1459 1460
f 1457 1460 1458
f 1459 1455 1461
f 1459 1461 1460
f 1460 1461 1462
f 1460 1462 1458
f 1461 1455 1463
f 1461 1463 1462
f 1462 1463 1464
f 1462 1464 1458
f 1463 1455 1465
f 1463 1465 1464
f 1464 1465 1466
f 1464 1466 1458
f 1465 1455 1467
f 1465 1467 1466
f 1466 1467 1468
f 1466 1468 1458
f 1467 1455 1469
f 1467 1469 1468
f 1468 1469 1470
f 1468 1470 1458
f 1469 1455 1471
f 1469 1471 1470
f 1470 1471 1472
f 1470 1472 1458
f 1471 1455 1473
f 1471 1473 1472
f 1472 1473 1474
f 1472 1474 1458
f 1473 1455 1475
f 1473 1475 1474
f 1474 1475 1476
f 1474 1476 1458
f 1475 1455 1477
f 1475 1477 1476
f 1476 1477 1478
f 1476 1478 1458
f 1477 1455 1479
f 1477 1479 1478
f 1478 1479 1480
f 1478 1480 1458
f 1479 1455 1456
f 1479 1456 1480
f 1480 1456 1457
f 1480 1457 1458
f 1482 1481 1485
f 1482 1485 1483
f 1483 1485 1486
f 1483 1486 1484
f 1485 1481 1487
f 1485 1487 1486
f 1486 1487 1488
f 1486 1488 1484
f 1487 1481 1489
f 1487 1489 1488
f 1488 1489 1490
f 1488 1490 1484
f 1489 1481 1491
f 1489 1491 1490
f 1490 1491 1492
f 1490 1492 1484
f 1491 1481 1493
f 1491 1493 1492
f 1492 1493 1494
f 1492 1494 1484
f 1493 1481 1495
f 1493 1495 1494
f 1494 1495 1496
f 1494 1496 1484
f 1495 1481 1497
f 1495 1497 1496
f 1496 1497 1498
f 1496 1498 1484
f 1497 1481 1499
f 1497 1499 1498
f 1498 1499 1500
f 1498 1500 1484
f 1499 1481 1501
f 1499 1501 1500
f 1500 1501 1502
f 1500 1502 1484
f 1501 1481 1503
f 1501 1503 1502
f 1502 1503 1504
f 1502 1504 1484
f 1503 1481 1505
f 1503 1505 1504
f 1504 1505 1506
f 1504 1506 1484
f 1505 1481 1482
f 1505 1482 1506
f 1506 1482 1483
f 1506 1483 1484
f 1508 1507 1511
f 1508 1511 1509
f 1509 1511 1512
f 1509 1512 1510
f 1511 1507 1513
f 1511 1513 1512
f 1512 1513 1514
f 1512 1514 1510
f 1513 1507 1515
f 1513 1515 1514
f 1514 1515 1516
f 1514 1516 1510
f 1515 1507 1517
f 1515 1517 1516
f 1516 1517 1518
f 1516 1518 1510
f 1517 1507 1519
f 1517 1519 1518
f 1518 1519 1520
f 1518 1520 1510
f 1519 1507 1521
f 1519 1521 1520
f 1520 1521 1522
f 1520 1522 1510
f 1521 1507 1523
f 1521 1523 1522
f 1522 1523 1524
f 1522 1524 1510
f 1523 1507 1525
f 1523 1525 1524
f 1524 1525 1526
f 1524 1526 1510
f 1525 1507 1527
f 1525 1527 1526
f 1526 1527 1528
f 1526 1528 1510
f 1527 1507 1529
f 1527 1529 1528
f 1528 1529 1530
f 1528 1530 1510
f 1529 1507 1531
f 1529 1531 1530
f 1530 1531 1532
f 1530 1532 1510
f 1531 1507 1508
f 1531 1508 1532
f 1532 1508 1509
f 1532 1509 1510
f 1534 1533 1537
f 1534 1537 1535
f 1535 1537 1538
f 1535 1538 1536
f 1537 1533 1539
f 1537 1539 1538
f 1538 1539 1540
f 1538 1540 1536
f 1539 1533 1541
f 1539 1541 1540
f 1540 1541 1542
f 1540 1542 1536
f 1541 1533 1543
f 1541 1543 1542
f 1542 1543 1544
f 1542 1544 1536
f 1543 1533 1545
f 1543 1545 1544
f 1544 1545 1546
f 1544 1546 1536
f 1545 1533 1547
f 1545 1547 1546
f 1546 1547 1548
f 1546 1548 1536
f 1547 1533 1549
f 1547 1549 1548
f 1548 1549 1550
f 1548 1550 1536
f 1549 1533 1551
f 1549 1551 1550
f 1550 1551 1552
f 1550 1552 1536
f 1551 1533 1553
f 1551 1553 1552
f 1552 1553 1554
f 1552 1554 1536
f 1553 1533 1555
f 1553 1555 1554
f 1554 1555 1556
f 1554 1556 1536
f 1555 1533 1557
f 1555 1557 1556
f 1556 1557 1558
f 1556 1558 1536
f 1557 1533 1534
f 1557 1534 1558
f 1558 1534 1535
f 1558 1535 1536
f 1560 1559 1563
f 1560 1563 1561
f 1561 1563 1564
f 1561 1564 1562
f 1563 1559 1565
f 1563 1565 1564
f 1564 1565 1566
f 1564 1566 1562
f 1565 1559 1567
f 1565 1567 1566
f 1566 1567 1568
f 1566 1568 1562
f 1567 1559 1569
f 1567 1569 1568
f 1568 1569 1570
f 1568 1570 1562
f 1569 1559 1571
f 1569 1571 1570
f 1570 1571 1572
f 1570 1572 1562
f 1571 1559 1573
f 1571 1573 1572
f 1572 1573 1574
f 1572 1574 1562
f 1573 1559 1575
f 1573 1575 1574
f 1574 1575 1576
f 1574 1576 1562
f 1575 1559 1577
f 1575 1577 1576
f 1576 1577 1578
f 1576 1578 1562
f 1577 1559 1579
f 1577 1579 1578
f 1578 1579 1580
f 1578 1580 1562
f 1579 1559 1581
f 1579 1581 1580
f 1580 1581 1582
f 1580 1582 1562
f 1581 1559 1583
f 1581 1583 1582
f 1582 1583 1584
f 1582 1584 1562
f 1583 1559 1560
f 1583 1560 1584
f 1584 1560 1561
f 1584 1561 1562
f 1586 1585 1589
f 1586 1589 1587
f 1587 1589 1590
f 1587 1590 1588
f 1589 1585 1591
f 1589 1591 1590
f 1590 1591 1592
f 1590 1592 1588
f 1591 1585 1593
f 1591 1593 1592
f 1592 1593 1594
f 1592 1594 1588
f 1593 1585 1595
f 1593 1595 1594
f 1594 1595 1596
f 1594 1596 1588
f 1595 1585 1597
f 1595 1597 1596
f 1596 1597 1598
f 1596 1598 1588
f 1597 1585 1599
f 1597 1599 1598
f 1598 1599 1600
f 1598 1600 1588
f 1599 1585 1601
f 1599 1601 1600
f 1600 1601 1602
f 1600 1602 1588
f 1601 1585 1603
f 1601 1603 1602
f 1602 1603 1604
f 1602 1604 1588
f 1603 1585 1605
f 1603 1605 1604
f 1604 1605 1606
f 1604 1606 1588
f 1605 1585 1607
f 1605 1607 1606
f 1606 1607 1608
f 1606 1608 1588
f 1607 1585 1609
f 1607 1609 1608
f 1608 1609 1610
f 1608 1610 1588
f 1609 1585 1586
f 1609 1586 1610
f 1610 1586 1587
f 1610 1587 1588
f 1612 1611 1615
f 1612 1615 1613
f 1613 1615 1616
f 1613 1616 1614
f 1615 1611 1617
f 1615 1617 1616
f 1616 1617 1618
f 1616 1618 1614
f 1617 1611 1619
f 1617 1619 1618
f 1618 1619 1620
f 1618 1620 1614
f 1619 1611 1621
f 1619 1621 1620
f 1620 1621 1622
f 1620 1622 1614
f 1621 1611 1623
f 1621 1623 1622
f 1622 1623 1624
f 1622 1624 1614
f 1623 1611 1625
f 1623 1625 1624
f 1624 1625 1626
f 1624 1626 1614
f 1625 1611 1627
f 1625 1627 1626
f 1626 1627 1628
f 1626 1628 1614
f 1627 1611 1629
f 1627 1629 1628
f 1628 1629 1630
f 1628 1630 1614
f 1629 1611 1631
f 1629 1631 1630
f 1630 1631 1632
f 1630 1632 1614
f 1631 1611 1633
f 1631 1633 1632
f 1632 1633 1634
f 1632 1634 1614
f 1633 1611 1635
f 1633 1635 1634
f 1634 1635 1636
f 1634 1636 1614
f 1635 1611 1612
f 1635 1612 1636
f 1636 1612 1613
f 1636 1613 1614
f 1638 1637 1641
f 1638 1641 1639
f 1639 1641 1642
f 1639 1642 1640
f 1641 1637 1643
f 1641 1643 1642
f 1642 1643 1644
f 1642 1644 1640
f 1643 1637 1645
f 1643 1645 1644
f 1644 1645 1646
f 1644 1646 1640
f 1645 1637 1647
f 1645 1647 1646
f 1646 1647 1648
f 1646 1648 1640
f 1647 1637 1649
f 1647 1649 1648
f 1648 1649 1650
f 1648 1650 1640
f 1649 1637 1651
f 1649 1651 1650
f 1650 1651 1652
f 1650 1652 1640
f 1651 1637 1653
f 1651 1653 1652
f 1652 1653 1654
f 1652 1654 1640
f 1653 1637 1655
f 1653 1655 1654
f 1654 1655 1656
f 1654 1656 1640
f 1655 1637 1657
f 1655 1657 1656
f 1656 1657 1658
f 1656 1658 1640
f 1657 1637 1659
f 1657 1659 1658
f 1658 1659 1660
f 1658 1660 1640
f 1659 1637 1661
f 1659 1661 1660
f 1660 1661 1662
f 1660 1662 1640
f 1661 1637 1638
f 1661 1638 1662
f 1662 1638 1639
f 1662 1639 1640
f 1664 1663 1667
f 1664 1667 1665
f 1665 1667 1668
f 1665 1668 1666
f 1667 1663 1669
f 1667 1669 1668
f 1668 1669 1670
f 1668 1670 1666
f 1669 1663 1671
f 1669 1671 1670
f 1670 1671 1672
f 1670 1672 1666
f 1671 1663 1673
f 1671 1673 1672
f 1672 1673 1674
f 1672 1674 1666
f 1673 1663 1675
f 1673 1675 1674
f 1674 1675 1676
f 1674 1676 1666
f 1675 1663 1677
f 1675 1677 1676
f 1676 1677 1678
f 1676 1678 1666
f 1677 1663 1679
f 1677 1679 1678
f 1678 1679 1680
f 1678 1680 1666
f 1679 1663 1681
f 1679 1681 1680
f 1680 1681 1682
f 1680 1682 1666
f 1681 1663 1683
f 1681 1683 1682
f 1682 1683 1684
f 1682 1684 1666
f 1683 1663 1685
f 1683 1685 1684
f 1684 1685 1686
f 1684 1686 1666
f 1685 1663 1687
f 1685 1687 1686
f 1686 1687 1688
f 1686 1688 1666
f 1687 1663 1664
f 1687 1664 1688
f 1688 1664 1665
f 1688 1665 1666
f 1690 1689 1693
f 1690 1693 1691
f 1691 1693 1694
f 1691 1694 1692
f 1693 1689 1695
f 1693 1695 1694
f 1694 1695 1696
f 1694 1696 1692
f 1695 1689 1697
f 1695 1697 1696
f 1696 1697 1698
f 1696 1698 1692
f 1697 1689 1699
f 1697 1699 1698
f 1698 1699 1700
f 1698 1700 1692
f 1699 1689 1701
f 1699 1701 1700
f 1700 1701 1702
f 1700 1702 1692
f 1701 1689 1703
f 1701 1703 1702
f 1702 1703 1704
f 1702 1704 1692
f 1703 1689 1705
f 1703 1705 1704
f 1704 1705 1706
f 1704 1706 1692
f 1705 1689 1707
f 1705 1707 1706
f 1706 1707 1708
f 1706 1708 1692
f 1707 1689 1709
f 1707 1709 1708
f 1708 1709 1710
f 1708 1710 1692
f 1709 1689 1711
f 1709 1711 1710
f 1710 1711 1712
f 1710 1712 1692
f 1711 1689 1713
f 1711 1713 1712
f 1712 1713 1714
f 1712 1714 1692
f 1713 1689 1690
f 1713 1690 1714
f 1714 1690 1691
f 1714 1691 1692
f 1716 1715 1719
f 1716 1719 1717
f 1717 1719 1720
f 1717 1720 1718
f 1719 1715 1721
f 1719 1721 1720
f 1720 1721 1722
f 1720 1722 1718
f 1721 1715 1723
f 1721 1723 1722
f 1722 1723 1724
f 1722 1724 1718
f 1723 1715 1725
f 1723 1725 1724
f 1724 1725 1726
f 1724 1726 1718
f 1725 1715 1727
f 1725 1727 1726
f 1726 1727 1728
f 1726 1728 1718
f 1727 1715 1729
f 1727 1729 1728
f 1728 1729 1730
f 1728 1730 1718
f 1729 1715 1731
f 1729 1731 1730
f 1730 1731 1732
f 1730 1732 1718
f 1731 1715 1733
f 1731 1733 1732
f 1732 1733 1734
f 1732 1734 1718
f 1733 1715 1735
f 1733 1735 1734
f 1734 1735 1736
f 1734 1736 1718
f 1735 1715 1737
f 1735 1737 1736
f 1736 1737 1738
f 1736 1738 1718
f 1737 1715 1739
f 1737 1739 1738
f 1738 1739 1740
f 1738 1740 1718
f 1739 1715 1716
f 1739 1716 1740
f 1740 1716 1717
f 1740 1717 1718

